-- -----------------
-- aliyun rule
-- -----------------

INSERT INTO `rule` (`id`, `name`, `status`, `severity`, `description`, `script`, `parameter`, `plugin_id`, `plugin_name`, `plugin_icon`, `last_modified`, `flag`, `scan_type`, `suggestion`, `xpack_tag`) VALUES ('8a5961b5-6c8d-4518-9bfe-a0712e0a1990', 'Aliyun RAM 根帐户访问密钥检测', 1, 'CriticalRisk', '确保不存在根帐户访问密钥，不是root账户或不存在密钥视为”合规“，否则视为”不合规“', 'policies:\n  #  确保不存在根帐户访问密钥，不是root账户或不存在密钥视为”合规“，否则视为”不合规“\n  - name: aliyun-ram-no-root-access-key\n    resource: aliyun.ram-user\n    filters:\n      - type: credential\n        key: access_keys\n        value: 0', '[]', 'hummer-aliyun-plugin', '阿里云', 'aliyun.png', concat(unix_timestamp(now()), '004'), 1, 'custodian', NULL, 0);
INSERT INTO `rule` (`id`, `name`, `status`, `severity`, `description`, `script`, `parameter`, `plugin_id`, `plugin_name`, `plugin_icon`, `last_modified`, `flag`, `scan_type`, `suggestion`, `xpack_tag`) VALUES ('4ded1dcc-2b8e-4a9f-b33a-91651a97764a', 'Aliyun RAM 定期轮换访问密钥检测', 1, 'HighRisk', 'AK/SK是重要的访问凭证，一般情况下需要用户定期轮换所有访问密钥。如果没有开启定期轮换或轮换周期大于90天视为”不合规“，否则视为”合规“', 'policies:\n  #  AK/SK是重要的访问凭证，一般情况下需要用户定期轮换所有访问密钥。如果没有开启定期轮换或轮换周期大于90天视为”不合规“，否则视为”合规“\n  - name: aliyun-ram-rotate-access-key-90-days\n    resource: aliyun.ram-user\n    filters:\n      - type: credential\n        key: access_keys.active\n        value: true\n      - type: credential\n        key: access_keys.last_rotated\n        value_type: age\n        value: 90\n        op: gt\n      - type: credential\n        key: access_keys.last_rotated\n        value: null\n        op: ne', '[]', 'hummer-aliyun-plugin', '阿里云', 'aliyun.png', concat(unix_timestamp(now()), '004'), 1, 'custodian', NULL, 0);
INSERT INTO `rule` (`id`, `name`, `status`, `severity`, `description`, `script`, `parameter`, `plugin_id`, `plugin_name`, `plugin_icon`, `last_modified`, `flag`, `scan_type`, `suggestion`, `xpack_tag`) VALUES ('db88a915-0a33-406b-8719-3ab807a204d3', 'Aliyun RAM 密码使用时间检测', 1, 'MediumRisk', '确保 RAM 密码使用时间不能超过某一时间，超期时间小于90天视为”不合规“，否则视为”合规“', 'policies:\n  #  确保 RAM 密码使用时间不能超过某一时间，超期时间小于90天视为”不合规“，否则视为”合规“\n  - name: aliyun-ram-password-policy-expires-passwords\n    resource: aliyun.ram-password-policy\n    filters:\n      - type: password-policy\n        key: MaxPasswordAge\n        value: 90\n        op: lt', '[]', 'hummer-aliyun-plugin', '阿里云', 'aliyun.png', concat(unix_timestamp(now()), '004'), 1, 'custodian', NULL, 0);
INSERT INTO `rule` (`id`, `name`, `status`, `severity`, `description`, `script`, `parameter`, `plugin_id`, `plugin_name`, `plugin_icon`, `last_modified`, `flag`, `scan_type`, `suggestion`, `xpack_tag`) VALUES ('a3e8e54a-3820-4bbc-9057-a86ad109f417', 'Aliyun RAM 密码策略登录检测', 1, 'MediumRisk', '确保 RAM 密码策略防止密码超期后不可以登录，依然可以登录视为”不合规“，否则视为”合规“', 'policies:\n  #  确保 RAM 密码策略防止密码超期后不可以登录，依然可以登录视为”不合规“，否则视为”合规“\n  - name: aliyun-ram-password-policy-expires-passwords\n    resource: aliyun.ram-password-policy\n    filters:\n      - type: password-policy\n        key: HardExpire\n        value: false', '[]', 'hummer-aliyun-plugin', '阿里云', 'aliyun.png', concat(unix_timestamp(now()), '004'), 1, 'custodian', NULL, 0);
INSERT INTO `rule` (`id`, `name`, `status`, `severity`, `description`, `script`, `parameter`, `plugin_id`, `plugin_name`, `plugin_icon`, `last_modified`, `flag`, `scan_type`, `suggestion`, `xpack_tag`) VALUES ('0a7e5e67-1999-4d91-9acd-bbe9a7521222', 'Aliyun RAM 密码策略长度检测', 1, 'MediumRisk', 'RAM 密码策略的长度不能少于14，长度小于14视为”不合规“，否则视为”合规“', 'policies:\n  #  RAM 密码策略的长度不能少于14，长度小于14视为”不合规“，否则视为”合规“\n  - name: aliyun-ram-password-policy-minimum-length-14\n    resource: aliyun.ram-password-policy\n    filters:\n      - type: password-policy\n        key: MinimumPasswordLength\n        value: 14\n        op: lt', '[]', 'hummer-aliyun-plugin', '阿里云', 'aliyun.png', concat(unix_timestamp(now()), '004'), 1, 'custodian', NULL, 0);
INSERT INTO `rule` (`id`, `name`, `status`, `severity`, `description`, `script`, `parameter`, `plugin_id`, `plugin_name`, `plugin_icon`, `last_modified`, `flag`, `scan_type`, `suggestion`, `xpack_tag`) VALUES ('643a4446-53c5-4899-8aa1-72708c8067da', 'Aliyun RAM 密码策略检查', 1, 'MediumRisk', 'RAM 密码策略检查，需要包含特殊符号，大写字母，小写字母，包含视为”合规“，否则为”不合规“', 'policies:\n  #  RAM 密码策略检查，需要包含特殊符号，大写字母，小写字母，包含视为”合规“，否则为”不合规“\n  - name: aliyun-ram-password-policy-require-symbol\n    resource: aliyun.ram-password-policy\n    filters:\n    - or:\n      - type: password-policy\n        key: RequireSymbols\n        value: false\n      - type: password-policy\n        key: RequireLowercaseCharacters\n        value: false\n      - type: password-policy\n        key: RequireUppercaseCharacters\n        value: false', '[]', 'hummer-aliyun-plugin', '阿里云', 'aliyun.png', concat(unix_timestamp(now()), '004'), 1, 'custodian', NULL, 0);
INSERT INTO `rule` (`id`, `name`, `status`, `severity`, `description`, `script`, `parameter`, `plugin_id`, `plugin_name`, `plugin_icon`, `last_modified`, `flag`, `scan_type`, `suggestion`, `xpack_tag`) VALUES ('e02b3f86-5ba8-4b14-833f-66567ccf5725', 'Aliyun RAM 防止密码重复使用检查', 1, 'MediumRisk', '确保 RAM 密码策略防止密码重复使用，需要设置不小于24，同时要确认已开启密码策略配置。开启视为”合规“，否则为”不合规“', 'policies:\n  #  确保 RAM 密码策略防止密码重复使用，需要设置不小于24，同时要确认已开启密码策略配置。开启视为”合规“，否则为”不合规“\n  - name: aliyun-ram-password-policy-reuse-24\n    resource: aliyun.ram-password-policy\n    filters:\n      - type: password-policy\n        key: PasswordReusePrevention\n        value: 24\n        op: lt', '[]', 'hummer-aliyun-plugin', '阿里云', 'aliyun.png', concat(unix_timestamp(now()), '004'), 1, 'custodian', NULL, 0);
INSERT INTO `rule` (`id`, `name`, `status`, `severity`, `description`, `script`, `parameter`, `plugin_id`, `plugin_name`, `plugin_icon`, `last_modified`, `flag`, `scan_type`, `suggestion`, `xpack_tag`) VALUES ('5ae66cce-623c-4d6a-9d7e-83ffc1ec121b', 'Aliyun SAML 提供商检测', 1, 'LowRisk', '检查是否有 SAML 提供商，SAML 帮助用户在每次进行身份验证时默认担任角色。存在视为”合规“，否则视为”不合规“', 'policies:\n  #  检查是否有 SAML 提供商，SAML 帮助用户在每次进行身份验证时默认担任角色。存在视为”合规“，否则视为”不合规“\n  - name: aliyun-ram-check-saml-providers\n    resource: aliyun.ram\n    filters:\n       - type: has-saml-providers\n         value: false', '[]', 'hummer-aliyun-plugin', '阿里云', 'aliyun.png', concat(unix_timestamp(now()), '004'), 1, 'custodian', NULL, 0);


INSERT INTO `rule_group_mapping` (`rule_id`, `group_id`) VALUES ('8a5961b5-6c8d-4518-9bfe-a0712e0a1990', '29');
INSERT INTO `rule_group_mapping` (`rule_id`, `group_id`) VALUES ('8a5961b5-6c8d-4518-9bfe-a0712e0a1990', '2');
INSERT INTO `rule_group_mapping` (`rule_id`, `group_id`) VALUES ('8a5961b5-6c8d-4518-9bfe-a0712e0a1990', '1');
INSERT INTO `rule_group_mapping` (`rule_id`, `group_id`) VALUES ('4ded1dcc-2b8e-4a9f-b33a-91651a97764a', '29');
INSERT INTO `rule_group_mapping` (`rule_id`, `group_id`) VALUES ('4ded1dcc-2b8e-4a9f-b33a-91651a97764a', '2');
INSERT INTO `rule_group_mapping` (`rule_id`, `group_id`) VALUES ('4ded1dcc-2b8e-4a9f-b33a-91651a97764a', '1');
INSERT INTO `rule_group_mapping` (`rule_id`, `group_id`) VALUES ('db88a915-0a33-406b-8719-3ab807a204d3', '29');
INSERT INTO `rule_group_mapping` (`rule_id`, `group_id`) VALUES ('db88a915-0a33-406b-8719-3ab807a204d3', '2');
INSERT INTO `rule_group_mapping` (`rule_id`, `group_id`) VALUES ('db88a915-0a33-406b-8719-3ab807a204d3', '1');
INSERT INTO `rule_group_mapping` (`rule_id`, `group_id`) VALUES ('a3e8e54a-3820-4bbc-9057-a86ad109f417', '29');
INSERT INTO `rule_group_mapping` (`rule_id`, `group_id`) VALUES ('a3e8e54a-3820-4bbc-9057-a86ad109f417', '2');
INSERT INTO `rule_group_mapping` (`rule_id`, `group_id`) VALUES ('a3e8e54a-3820-4bbc-9057-a86ad109f417', '1');
INSERT INTO `rule_group_mapping` (`rule_id`, `group_id`) VALUES ('0a7e5e67-1999-4d91-9acd-bbe9a7521222', '29');
INSERT INTO `rule_group_mapping` (`rule_id`, `group_id`) VALUES ('0a7e5e67-1999-4d91-9acd-bbe9a7521222', '2');
INSERT INTO `rule_group_mapping` (`rule_id`, `group_id`) VALUES ('0a7e5e67-1999-4d91-9acd-bbe9a7521222', '1');
INSERT INTO `rule_group_mapping` (`rule_id`, `group_id`) VALUES ('643a4446-53c5-4899-8aa1-72708c8067da', '29');
INSERT INTO `rule_group_mapping` (`rule_id`, `group_id`) VALUES ('643a4446-53c5-4899-8aa1-72708c8067da', '2');
INSERT INTO `rule_group_mapping` (`rule_id`, `group_id`) VALUES ('643a4446-53c5-4899-8aa1-72708c8067da', '1');
INSERT INTO `rule_group_mapping` (`rule_id`, `group_id`) VALUES ('e02b3f86-5ba8-4b14-833f-66567ccf5725', '29');
INSERT INTO `rule_group_mapping` (`rule_id`, `group_id`) VALUES ('e02b3f86-5ba8-4b14-833f-66567ccf5725', '2');
INSERT INTO `rule_group_mapping` (`rule_id`, `group_id`) VALUES ('e02b3f86-5ba8-4b14-833f-66567ccf5725', '1');
INSERT INTO `rule_group_mapping` (`rule_id`, `group_id`) VALUES ('5ae66cce-623c-4d6a-9d7e-83ffc1ec121b', '29');
INSERT INTO `rule_group_mapping` (`rule_id`, `group_id`) VALUES ('5ae66cce-623c-4d6a-9d7e-83ffc1ec121b', '2');
INSERT INTO `rule_group_mapping` (`rule_id`, `group_id`) VALUES ('5ae66cce-623c-4d6a-9d7e-83ffc1ec121b', '1');


INSERT INTO `rule_tag_mapping` (`rule_id`, `tag_key`) VALUES ('8a5961b5-6c8d-4518-9bfe-a0712e0a1990', 'safety');
INSERT INTO `rule_tag_mapping` (`rule_id`, `tag_key`) VALUES ('4ded1dcc-2b8e-4a9f-b33a-91651a97764a', 'safety');
INSERT INTO `rule_tag_mapping` (`rule_id`, `tag_key`) VALUES ('db88a915-0a33-406b-8719-3ab807a204d3', 'safety');
INSERT INTO `rule_tag_mapping` (`rule_id`, `tag_key`) VALUES ('a3e8e54a-3820-4bbc-9057-a86ad109f417', 'safety');
INSERT INTO `rule_tag_mapping` (`rule_id`, `tag_key`) VALUES ('0a7e5e67-1999-4d91-9acd-bbe9a7521222', 'safety');
INSERT INTO `rule_tag_mapping` (`rule_id`, `tag_key`) VALUES ('643a4446-53c5-4899-8aa1-72708c8067da', 'safety');
INSERT INTO `rule_tag_mapping` (`rule_id`, `tag_key`) VALUES ('e02b3f86-5ba8-4b14-833f-66567ccf5725', 'safety');
INSERT INTO `rule_tag_mapping` (`rule_id`, `tag_key`) VALUES ('5ae66cce-623c-4d6a-9d7e-83ffc1ec121b', 'tagging');


INSERT INTO `rule_inspection_report_mapping` (`rule_id`, `report_id`) VALUES ('3ed456fe-9094-450e-8948-a0505b928760', '94');
INSERT INTO `rule_inspection_report_mapping` (`rule_id`, `report_id`) VALUES ('8a5961b5-6c8d-4518-9bfe-a0712e0a1990', '90');
INSERT INTO `rule_inspection_report_mapping` (`rule_id`, `report_id`) VALUES ('4ded1dcc-2b8e-4a9f-b33a-91651a97764a', '90');
INSERT INTO `rule_inspection_report_mapping` (`rule_id`, `report_id`) VALUES ('db88a915-0a33-406b-8719-3ab807a204d3', '90');
INSERT INTO `rule_inspection_report_mapping` (`rule_id`, `report_id`) VALUES ('a3e8e54a-3820-4bbc-9057-a86ad109f417', '90');
INSERT INTO `rule_inspection_report_mapping` (`rule_id`, `report_id`) VALUES ('0a7e5e67-1999-4d91-9acd-bbe9a7521222', '90');
INSERT INTO `rule_inspection_report_mapping` (`rule_id`, `report_id`) VALUES ('643a4446-53c5-4899-8aa1-72708c8067da', '90');
INSERT INTO `rule_inspection_report_mapping` (`rule_id`, `report_id`) VALUES ('e02b3f86-5ba8-4b14-833f-66567ccf5725', '90');
INSERT INTO `rule_inspection_report_mapping` (`rule_id`, `report_id`) VALUES ('5ae66cce-623c-4d6a-9d7e-83ffc1ec121b', '90');


-- -----------------
-- aws rule
-- -----------------

INSERT INTO `rule` (`id`, `name`, `status`, `severity`, `description`, `script`, `parameter`, `plugin_id`, `plugin_name`, `plugin_icon`, `last_modified`, `flag`, `scan_type`, `suggestion`, `xpack_tag`) VALUES ('63991ede-eb65-45ee-8ed4-683ec1233ea0', 'AWS AK/SK 数量检测', 1, 'HighRisk', 'AK/SK是重要的访问凭证，一般情况下建议用户只有一个，如果有两个可能存在风险。拥有2个激活的AK/SK视为”不合规“，否则视为”合规“', 'policies:\n  #  AK/SK是重要的访问凭证，一般情况下建议用户只有一个，如果有两个可能存在风险。拥有2个激活的AK/SK视为”不合规“，否则视为”合规“\n  - name: aws-iam-user-two-active-access-key\n    resource: aws.iam-user\n    filters:\n      - type: credential\n        key: access_keys.active\n        value: true\n      - type: credential\n        key: access_keys\n        value_type: size\n        value: 2\n        op: eq', '[]', 'hummer-aws-plugin', 'Amazon Web Services', 'aws.png', concat(unix_timestamp(now()), '004'), 1, 'custodian', NULL, 0);
INSERT INTO `rule` (`id`, `name`, `status`, `severity`, `description`, `script`, `parameter`, `plugin_id`, `plugin_name`, `plugin_icon`, `last_modified`, `flag`, `scan_type`, `suggestion`, `xpack_tag`) VALUES ('2ec8bf6d-49e2-4751-9a67-39b17522529f', 'AWS IAM 非必要的access key检测', 1, 'LowRisk', '在创建账号时可能会错误的勾选编程方式访问，我们需要验证是否存在非必要的access key存在，同时满足：开启密码登录，存在AK和AK没有被使用过，视为”不合规“，否则视为”合规“', 'policies:\n  # 在创建账号时可能会错误的勾选编程方式访问，我们需要验证是否存在非必要的access key存在，同时满足：开启密码登录，存在AK和AK没有被使用过，视为”不合规“，否则视为”合规“\n  - name: aws-iam-user-no-setup-initial-access-key\n    resource: aws.iam-user\n    filters:\n      - type: credential\n        key: access_keys.active\n        value: true\n      - type: credential\n        key: access_keys.last_used_date\n        value: null\n        op: eq\n      - type: credential\n        key: password_enabled\n        value: true', '[]', 'hummer-aws-plugin', 'Amazon Web Services', 'aws.png', concat(unix_timestamp(now()), '004'), 1, 'custodian', NULL, 0);
INSERT INTO `rule` (`id`, `name`, `status`, `severity`, `description`, `script`, `parameter`, `plugin_id`, `plugin_name`, `plugin_icon`, `last_modified`, `flag`, `scan_type`, `suggestion`, `xpack_tag`) VALUES ('2eb58a78-2b48-43c1-85cc-a42d6240bec9', 'AWS IAM 用户多重身份验证 (MFA)检测', 1, 'LowRisk', '确保为所有具有控制台密码的 IAM 用户启用多重身份验证 (MFA)，如果开启控制台密码登录并使用MFA 视为”合规“，否则视为”不合规“', 'policies:\n  # 确保为所有具有控制台密码的 IAM 用户启用多重身份验证 (MFA)，如果开启控制台密码登录并使用MFA 视为”合规“，否则视为”不合规“\n  - name: aws-iam-user-mfa-enabled-console-access\n    resource: aws.iam-user\n    filters:\n      - type: credential\n        key: password_enabled\n        value: true\n      - type: credential\n        key: mfa_active\n        value: false', '[]', 'hummer-aws-plugin', 'Amazon Web Services', 'aws.png', concat(unix_timestamp(now()), '004'), 1, 'custodian', NULL, 0);
INSERT INTO `rule` (`id`, `name`, `status`, `severity`, `description`, `script`, `parameter`, `plugin_id`, `plugin_name`, `plugin_icon`, `last_modified`, `flag`, `scan_type`, `suggestion`, `xpack_tag`) VALUES ('a787ffbc-6d7e-4546-b9bb-850eeadd363a', 'AWS Support 管理检测', 1, 'LowRisk', '确保已创建支持角色来通过 AWS Support 管理事件，存在视为”合规“，否则视为”不合规“', 'policies:\n  #  确保已创建支持角色来通过 AWS Support 管理事件，存在视为”合规“，否则视为”不合规“\n  - name: aws-iam-support-role-created\n    resource: aws.iam-role\n    filters:\n      - type: has-specific-managed-policy\n        value: AWSSupportServiceRolePolicy', '[]', 'hummer-aws-plugin', 'Amazon Web Services', 'aws.png', concat(unix_timestamp(now()), '004'), 1, 'custodian', NULL, 0);
INSERT INTO `rule` (`id`, `name`, `status`, `severity`, `description`, `script`, `parameter`, `plugin_id`, `plugin_name`, `plugin_icon`, `last_modified`, `flag`, `scan_type`, `suggestion`, `xpack_tag`) VALUES ('cadef8ae-66d9-4716-9c76-7c7c057b4b0b', 'AWS AK/SK 检测', 1, 'CriticalRisk', 'AK/SK是重要的访问凭证，一般情况下需要用户定期轮换所有访问密钥。如果没有开启定期轮换或轮换周期大于90天视为”不合规“，否则视为”合规“', 'policies:\n  #  AK/SK是重要的访问凭证，一般情况下需要用户定期轮换所有访问密钥。如果没有开启定期轮换或轮换周期大于90天视为”不合规“，否则视为”合规“\n  - name: aws-iam-rotate-access-key-90-days\n    resource: aws.iam-user\n    filters:\n      - type: credential\n        key: access_keys.active\n        value: true\n      - type: credential\n        key: access_keys.last_rotated\n        value_type: age\n        value: 90\n        op: gt\n      - type: credential\n        key: access_keys.last_rotated\n        value: null\n        op: ne', '[]', 'hummer-aws-plugin', 'Amazon Web Services', 'aws.png', concat(unix_timestamp(now()), '004'), 1, 'custodian', NULL, 0);
INSERT INTO `rule` (`id`, `name`, `status`, `severity`, `description`, `script`, `parameter`, `plugin_id`, `plugin_name`, `plugin_icon`, `last_modified`, `flag`, `scan_type`, `suggestion`, `xpack_tag`) VALUES ('f23b5622-4ba8-4db1-8605-e0c8c654a521', 'AWS root 帐户启用 MFA 检测', 1, 'HighRisk', '确保为 root 帐户启用 MFA，未激活 MFA 视为”不合规“，否则视为”合规“', 'policies:\n  #  确保为 root 帐户启用 MFA，未激活 MFA 视为”不合规“，否则视为”合规“\n  - name: aws-iam-root-mfa-enabled\n    resource: aws.account\n    filters:\n      - type: iam-summary\n        key: AccountMFAEnabled\n        value: false\n        op: eq\n        value_type: swap', '[]', 'hummer-aws-plugin', 'Amazon Web Services', 'aws.png', concat(unix_timestamp(now()), '004'), 1, 'custodian', NULL, 0);
INSERT INTO `rule` (`id`, `name`, `status`, `severity`, `description`, `script`, `parameter`, `plugin_id`, `plugin_name`, `plugin_icon`, `last_modified`, `flag`, `scan_type`, `suggestion`, `xpack_tag`) VALUES ('366da429-3975-4323-b499-88d24bb75bd4', 'AWS IAM “cloudtrail:*”权限检测', 1, 'MediumRisk', '确保不存在“cloudtrail:*”权限的 IAM 策略，存在视为”不合规“，否则视为”合规“', 'policies:\n  # 确保不存在“cloudtrail:*”权限的 IAM 策略，存在视为”不合规“，否则视为”合规“\n  - name: aws-iam-policy-no-full-access-to-cloudtrail\n    resource: aws.iam-policy\n    filters:\n      - type: check-permissions\n        match: allowed\n        actions:\n          - \'cloudtrail:*\'', '[]', 'hummer-aws-plugin', 'Amazon Web Services', 'aws.png', concat(unix_timestamp(now()), '004'), 1, 'custodian', NULL, 0);
INSERT INTO `rule` (`id`, `name`, `status`, `severity`, `description`, `script`, `parameter`, `plugin_id`, `plugin_name`, `plugin_icon`, `last_modified`, `flag`, `scan_type`, `suggestion`, `xpack_tag`) VALUES ('a31dca86-efce-4e42-ae31-25ae42570d72', 'AWS IAM “*:*”管理权限检测', 1, 'MediumRisk', '确保不存在“*:*”管理权限的 IAM AWS 托管策略，存在视为”不合规“，否则视为”合规“', 'policies:\n  #  确保不存在“*:*”管理权限的 IAM AWS 托管策略，存在视为”不合规“，否则视为”合规“\n  - name: aws-iam-policy-no-administrative-privileges\n    resource: aws.iam-policy\n    filters:\n      - type: used\n      - type: has-allow-all', '[]', 'hummer-aws-plugin', 'Amazon Web Services', 'aws.png', concat(unix_timestamp(now()), '004'), 1, 'custodian', NULL, 0);
INSERT INTO `rule` (`id`, `name`, `status`, `severity`, `description`, `script`, `parameter`, `plugin_id`, `plugin_name`, `plugin_icon`, `last_modified`, `flag`, `scan_type`, `suggestion`, `xpack_tag`) VALUES ('4ef097ba-825d-4a60-87a3-d5313960c6db', 'AWS IAM 统一权限检测', 1, 'MediumRisk', '仅通过组分配 IAM 策略,可将权限管理统一到与组织功能角色一致的单个组中。 通过统一权限管理，降低权限过多的可能性。存在不通过组来授权的IAM策略视为”不合规“，否则视为”合规“', 'policies:\n  #  仅通过组分配 IAM 策略,可将权限管理统一到与组织功能角色一致的单个组中。 通过统一权限管理，降低权限过多的可能性。存在不通过组来授权的IAM策略视为”不合规“，否则视为”合规“\n  - name: aws-iam-policy-attached-only-to-group-or-roles\n    resource: aws.iam-user\n    filters:\n      - type: has-inline-policy\n        value: false', '[]', 'hummer-aws-plugin', 'Amazon Web Services', 'aws.png', concat(unix_timestamp(now()), '004'), 1, 'custodian', NULL, 0);
INSERT INTO `rule` (`id`, `name`, `status`, `severity`, `description`, `script`, `parameter`, `plugin_id`, `plugin_name`, `plugin_icon`, `last_modified`, `flag`, `scan_type`, `suggestion`, `xpack_tag`) VALUES ('7c3d1a1f-eaab-4937-9a30-1c53ab2c865a', 'AWS IAM 密码重复检测', 1, 'HighRisk', '确保 IAM 密码策略防止密码重复使用，需要设置不小于24，同时要确认已开启密码策略配置。满足视为”合规“，否则为”不合规“', 'policies:\n  #  确保 IAM 密码策略防止密码重复使用，需要设置不小于24，同时要确认已开启密码策略配置。满足视为”合规“，否则为”不合规“\n  - name: aws-iam-password-policy-reuse-24\n    resource: aws.account\n    filters:\n    - or:\n      - type: password-policy\n        key: PasswordPolicyConfigured\n        value: false\n    - or:\n      - type: password-policy\n        key: PasswordReusePrevention\n        value: 24\n        op: lt', '[]', 'hummer-aws-plugin', 'Amazon Web Services', 'aws.png', concat(unix_timestamp(now()), '004'), 1, 'custodian', NULL, 0);
INSERT INTO `rule` (`id`, `name`, `status`, `severity`, `description`, `script`, `parameter`, `plugin_id`, `plugin_name`, `plugin_icon`, `last_modified`, `flag`, `scan_type`, `suggestion`, `xpack_tag`) VALUES ('3304336b-6bce-411a-9c32-a9bb4993ea7f', 'AWS IAM 密码符号检测', 1, 'HighRisk', 'IAM 密码策略检查，需要包含特殊符号，大写字母，小写字母，符合视为”合规“，否则视为”不合规“', 'policies:\n  #  IAM 密码策略检查，需要包含特殊符号，大写字母，小写字母，符合视为”合规“，否则视为”不合规“\n  - name: aws-iam-password-policy-require-symbol\n    resource: aws.account\n    filters:\n    - or:\n      - type: password-policy\n        key: PasswordPolicyConfigured\n        value: false\n    - or:\n      - type: password-policy\n        key: RequireSymbols\n        value: true\n      - type: password-policy\n        key: RequireLowercaseCharacters\n        value: true\n      - type: password-policy\n        key: RequireUppercaseCharacters\n        value: true', '[]', 'hummer-aws-plugin', 'Amazon Web Services', 'aws.png', concat(unix_timestamp(now()), '004'), 1, 'custodian', NULL, 0);
INSERT INTO `rule` (`id`, `name`, `status`, `severity`, `description`, `script`, `parameter`, `plugin_id`, `plugin_name`, `plugin_icon`, `last_modified`, `flag`, `scan_type`, `suggestion`, `xpack_tag`) VALUES ('7782b78c-def7-4265-abb2-43624d31a0d3', 'AWS IAM 密码长度检测', 1, 'HighRisk', 'IAM 密码策略的长度不能少于14，长度小于14视为”不合规“，否则视为”合规“', 'policies:\n  #  IAM 密码策略的长度不能少于14，长度小于14视为”不合规“，否则视为”合规“\n  - name: aws-iam-password-policy-minimum-length-14\n    resource: aws.account\n    filters:\n    - or:\n      - type: password-policy\n        key: MinimumPasswordLength\n        value: 14\n        op: lt\n      - type: password-policy\n        key: PasswordPolicyConfigured\n        value: false', '[]', 'hummer-aws-plugin', 'Amazon Web Services', 'aws.png', concat(unix_timestamp(now()), '004'), 1, 'custodian', NULL, 0);
INSERT INTO `rule` (`id`, `name`, `status`, `severity`, `description`, `script`, `parameter`, `plugin_id`, `plugin_name`, `plugin_icon`, `last_modified`, `flag`, `scan_type`, `suggestion`, `xpack_tag`) VALUES ('3a21ffd1-bce4-40de-a939-27d942dc837f', 'AWS IAM 密码时间检测', 1, 'MediumRisk', '确保 IAM 密码使用时间不能超过某一时间，超期时间小于90天视为”不合规“，否则视为”合规“', 'policies:\n  #  确保 IAM 密码使用时间不能超过某一时间，超期时间小于90天视为”不合规“，否则视为”合规“\n  - name: aws-iam-password-policy-expires-passwords\n    resource: aws.account\n    filters:\n    - or:\n      - type: password-policy\n        key: MaxPasswordAge\n        value: 90\n        op: lt\n      - type: password-policy\n        key: PasswordPolicyConfigured\n        value: false', '[]', 'hummer-aws-plugin', 'Amazon Web Services', 'aws.png', concat(unix_timestamp(now()), '004'), 1, 'custodian', NULL, 0);
INSERT INTO `rule` (`id`, `name`, `status`, `severity`, `description`, `script`, `parameter`, `plugin_id`, `plugin_name`, `plugin_icon`, `last_modified`, `flag`, `scan_type`, `suggestion`, `xpack_tag`) VALUES ('90b44294-a47f-43bc-901f-8649a9db6e89', 'AWS 根帐户访问密钥检测', 1, 'MediumRisk', '确保不存在根帐户访问密钥，不是root账户或不存在密钥视为”合规“，否则视为”不合规“', 'policies:\n  #  确保不存在根帐户访问密钥，不是root账户或不存在密钥视为”合规“，否则视为”不合规“\n  - name: aws-iam-no-root-access-key\n    resource: aws.account\n    filters:\n      - type: credential\n        key: access_keys\n        value: absent', '[]', 'hummer-aws-plugin', 'Amazon Web Services', 'aws.png', concat(unix_timestamp(now()), '004'), 1, 'custodian', NULL, 0);
INSERT INTO `rule` (`id`, `name`, `status`, `severity`, `description`, `script`, `parameter`, `plugin_id`, `plugin_name`, `plugin_icon`, `last_modified`, `flag`, `scan_type`, `suggestion`, `xpack_tag`) VALUES ('73cc9b5d-a891-40b3-bcbb-faf07e4229ed', 'AWS IAM SSL/TLS 证书检测', 1, 'MediumRisk', '确保删除 AWS IAM 中存储的所有过期 SSL/TLS 证书，存在过期证书视为”不合规“，否则视为”合规“', 'policies:\n  #  确保删除 AWS IAM 中存储的所有过期 SSL/TLS 证书，存在过期证书视为”不合规“，否则视为”合规“\n  - name: aws-iam-no-expired-server-certificates-stored\n    resource: aws.iam-certificate\n    filters:\n      - type: value\n        key: Expiration\n        value_type: expiration\n        op: gt\n        value: 0', '[]', 'hummer-aws-plugin', 'Amazon Web Services', 'aws.png', concat(unix_timestamp(now()), '004'), 1, 'custodian', NULL, 0);
INSERT INTO `rule` (`id`, `name`, `status`, `severity`, `description`, `script`, `parameter`, `plugin_id`, `plugin_name`, `plugin_icon`, `last_modified`, `flag`, `scan_type`, `suggestion`, `xpack_tag`) VALUES ('ce9b31e8-9e81-4321-9e8f-97169432083f', 'AWS IAM 未使用凭据检测', 1, 'MediumRisk', '建议停用或删除 45 天内未使用的所有凭据。存在访问凭证超过45天未使用视为”不合规“，否则视为”合规“', 'policies:\n  #  建议停用或删除 45 天内未使用的所有凭据。存在访问凭证超过45天未使用视为”不合规“，否则视为”合规“\n  - name: aws-iam-disable-45-days-credentials\n    resource: aws.iam-user\n    filters:\n    - or:\n      - type: credential\n        key: access_keys.last_used_date\n        value_type: age\n        value: 45\n        op: gt\n      - type: credential\n        key: access_keys.last_used_date\n        value: null\n        op: eq', '[]', 'hummer-aws-plugin', 'Amazon Web Services', 'aws.png', concat(unix_timestamp(now()), '004'), 1, 'custodian', NULL, 0);
INSERT INTO `rule` (`id`, `name`, `status`, `severity`, `description`, `script`, `parameter`, `plugin_id`, `plugin_name`, `plugin_icon`, `last_modified`, `flag`, `scan_type`, `suggestion`, `xpack_tag`) VALUES ('c1f26a59-606e-4bad-a4b2-e595ec95bd0c', 'AWS IAM SAML 提供商检测', 1, 'MediumRisk', '检查是否有 SAML 提供商，存在视为”合规“，否则视为”不合规“', 'policies:\n  #  检查是否有 SAML 提供商，存在视为”合规“，否则视为”不合规“\n  - name: aws-iam-check-saml-providers\n    resource: aws.iam-saml-provider', '[]', 'hummer-aws-plugin', 'Amazon Web Services', 'aws.png', concat(unix_timestamp(now()), '004'), 1, 'custodian', NULL, 0);
INSERT INTO `rule` (`id`, `name`, `status`, `severity`, `description`, `script`, `parameter`, `plugin_id`, `plugin_name`, `plugin_icon`, `last_modified`, `flag`, `scan_type`, `suggestion`, `xpack_tag`) VALUES ('0b2dd583-c6dc-4417-8334-9cda0b69d326', 'AWS IAM root账号检测', 1, 'MediumRisk', '应避免使用root账号，即root账户没有通过密码登录，也没有通过密钥访问，没有访问视过为”合规“，否则视为”不合规“', 'policies:\n  #  应避免使用root账号，即root账户没有通过密码登录，也没有通过密钥访问，没有访问视过为”合规“，否则视为”不合规“\n  - name: aws-iam-avoid-root-usage\n    resource: aws.account\n    filters:\n    - type: credential\n      key: password_last_used\n      value: null\n      op: ne', '[]', 'hummer-aws-plugin', 'Amazon Web Services', 'aws.png', concat(unix_timestamp(now()), '004'), 1, 'custodian', NULL, 0);
INSERT INTO `rule` (`id`, `name`, `status`, `severity`, `description`, `script`, `parameter`, `plugin_id`, `plugin_name`, `plugin_icon`, `last_modified`, `flag`, `scan_type`, `suggestion`, `xpack_tag`) VALUES ('0e991cfd-dbd6-4085-b10a-1219a681e775', 'AWS IAM 角色检测', 1, 'MediumRisk', '确保已创建审计角色来执行安全审计，存在视为”合规“，否则视为”不合规“', 'policies:\n  #  确保已创建审计角色来执行安全审计，存在视为”合规“，否则视为”不合规“\n  - name: aws-iam-support-role-created\n    resource: aws.iam-role\n    filters:\n      - type: has-specific-managed-policy\n        value: SecurityAudit', '[]', 'hummer-aws-plugin', 'Amazon Web Services', 'aws.png', concat(unix_timestamp(now()), '004'), 1, 'custodian', NULL, 0);
INSERT INTO `rule` (`id`, `name`, `status`, `severity`, `description`, `script`, `parameter`, `plugin_id`, `plugin_name`, `plugin_icon`, `last_modified`, `flag`, `scan_type`, `suggestion`, `xpack_tag`) VALUES ('473a5d13-9987-4d34-8adb-2e869d7bb7ad', 'AWS IAM 访问分析器检测', 1, 'MediumRisk', '检查 IAM 访问分析器是否已启用，开启视为”合规“，否则视为”不合规“', 'policies:\n  #  检查 IAM 访问分析器是否已启用，开启视为”合规“，否则视为”不合规“\n  - name: aws-accessanalyzer-enabled\n    resource: aws.iam-role\n    filters:\n      - type: iam-analyzer\n        key: \'status\'\n        value: ACTIVE', '[]', 'hummer-aws-plugin', 'Amazon Web Services', 'aws.png', concat(unix_timestamp(now()), '004'), 1, 'custodian', NULL, 0);
INSERT INTO `rule` (`id`, `name`, `status`, `severity`, `description`, `script`, `parameter`, `plugin_id`, `plugin_name`, `plugin_icon`, `last_modified`, `flag`, `scan_type`, `suggestion`, `xpack_tag`) VALUES ('8b423c17-6f93-4c0e-a65f-23f1d7958095', 'AWS ALB WAF ACL检测', 1, 'LowRisk', '检查应用程序负载均衡器是否附加了 WAF ACL，有附加视为“合规”，否则视为“不合规”', 'policies:\n  #  检查应用程序负载均衡器是否附加了 WAF ACL，有附加视为“合规”，否则视为“不合规”\n  - name: aws-elbv2-waf-acl-attached\n    resource: aws.app-elb\n    filters:\n    - or:\n      - type: waf-enabled\n        state: false\n      - type: wafv2-enabled\n        state: false', '[]', 'hummer-aws-plugin', 'Amazon Web Services', 'aws.png', concat(unix_timestamp(now()), '004'), 1, 'custodian', NULL, 0);
INSERT INTO `rule` (`id`, `name`, `status`, `severity`, `description`, `script`, `parameter`, `plugin_id`, `plugin_name`, `plugin_icon`, `last_modified`, `flag`, `scan_type`, `suggestion`, `xpack_tag`) VALUES ('a7716e26-eb79-4199-b349-4e7ca2f29ad7', 'AWS ALB SSL 监听器检测', 1, 'LowRisk', '检查 ALB 弹性负载均衡器是否有 SSL 监听器，有视为“合规”，否则视为“不合规”', 'policies:\n  #  检查 ALB 弹性负载均衡器是否有 SSL 监听器，有视为“合规”，否则视为“不合规”\n  - name: aws-elbv2-ssl-listeners\n    resource: aws.app-elb\n    filters:\n      - type: listener\n        key: Protocol\n        value: [HTTPS,SSL,TSL]\n        op: ni', '[]', 'hummer-aws-plugin', 'Amazon Web Services', 'aws.png', concat(unix_timestamp(now()), '004'), 1, 'custodian', NULL, 0);
INSERT INTO `rule` (`id`, `name`, `status`, `severity`, `description`, `script`, `parameter`, `plugin_id`, `plugin_name`, `plugin_icon`, `last_modified`, `flag`, `scan_type`, `suggestion`, `xpack_tag`) VALUES ('fe89c593-342e-4640-b358-6b661323641f', 'AWS ALB 日志记录检测', 1, 'LowRisk', '检查弹性负载均衡器是否启用了日志记录。启动视为“合规”，否则视为“不合规”', 'policies:\n  #  检查弹性负载均衡器是否启用了日志记录。启动视为“合规”，否则视为“不合规”。\n  - name: aws-elbv2-logging-enabled\n    resource: aws.app-elb\n    filters:\n      - type: is-not-logging', '[]', 'hummer-aws-plugin', 'Amazon Web Services', 'aws.png', concat(unix_timestamp(now()), '004'), 1, 'custodian', NULL, 0);
INSERT INTO `rule` (`id`, `name`, `status`, `severity`, `description`, `script`, `parameter`, `plugin_id`, `plugin_name`, `plugin_icon`, `last_modified`, `flag`, `scan_type`, `suggestion`, `xpack_tag`) VALUES ('a1dfd261-0746-4969-be62-4b07755dcc07', 'AWS ALB 监听器检测', 1, 'LowRisk', '检查 ALB 下面是否有监听器，没有视为“不合规”，否则视为“合规”', 'policies:\n  #  检查 ALB 下面是否有监听器，没有视为“不合规”，否则视为“合规”\n  - name: aws-elbv2-listeners-underneath\n    resource: aws.app-elb\n    filters:\n      - type: listener\n        key: Protocol\n        value: [HTTPS,HTTP]\n        op: in\n      - type: listener\n        value_type: resource_count  \n        op: eq\n        value: 1\n        matched: true', '[]', 'hummer-aws-plugin', 'Amazon Web Services', 'aws.png', concat(unix_timestamp(now()), '004'), 1, 'custodian', NULL, 0);
INSERT INTO `rule` (`id`, `name`, `status`, `severity`, `description`, `script`, `parameter`, `plugin_id`, `plugin_name`, `plugin_icon`, `last_modified`, `flag`, `scan_type`, `suggestion`, `xpack_tag`) VALUES ('231fb1cb-e673-4cdc-8dd9-dc921a9c8848', 'AWS ALB 互联网访问检测', 1, 'LowRisk', '检查 ALB 是否可以从互联网进行访问，可以视为“不合规”，否则视为“合规”', 'policies:\n  #  检查 ALB 是否可以从互联网进行访问，可以视为“不合规”，否则视为“合规”\n  - name: aws-elb-no-instance\n    resource: aws.app-elb\n    filters:\n      - type: value\n        key: Scheme\n        value: internet-facing\n        op: eq', '[]', 'hummer-aws-plugin', 'Amazon Web Services', 'aws.png', concat(unix_timestamp(now()), '004'), 1, 'custodian', NULL, 0);
INSERT INTO `rule` (`id`, `name`, `status`, `severity`, `description`, `script`, `parameter`, `plugin_id`, `plugin_name`, `plugin_icon`, `last_modified`, `flag`, `scan_type`, `suggestion`, `xpack_tag`) VALUES ('e3a13f7e-0b1b-4ba7-8a4b-48a78bf45a33', 'AWS ELB 健康检查检测', 1, 'LowRisk', '检查 ELB 使用的协议和健康检查协议是否一致，一致视为“合规”，否则视为“不合规”', 'policies:\n  #  检查 ELB 使用的协议和健康检查协议是否一致，一致视为“合规”，否则视为“不合规”\n  - name: aws-elbv2-healthcheck-mismatch\n    resource: aws.app-elb\n    filters:\n      - type: healthcheck-protocol-mismatch', '[]', 'hummer-aws-plugin', 'Amazon Web Services', 'aws.png', concat(unix_timestamp(now()), '004'), 1, 'custodian', NULL, 0);
INSERT INTO `rule` (`id`, `name`, `status`, `severity`, `description`, `script`, `parameter`, `plugin_id`, `plugin_name`, `plugin_icon`, `last_modified`, `flag`, `scan_type`, `suggestion`, `xpack_tag`) VALUES ('a1210f8c-cceb-4df3-85b6-1a3861ccfc10', 'AWS ELB 异步缓解模式检测', 1, 'LowRisk', '检查应用程序负载均衡器是否配置了防御或最严格的异步缓解模式，如果没有，请检查是否至少配置了 drop_invalid_header_fields 属性，没有视为“不合规”，否则视为“合规”', 'policies:\n  #  检查应用程序负载均衡器是否配置了防御或最严格的异步缓解模式，如果没有，请检查是否至少配置了 drop_invalid_header_fields 属性，没有视为“不合规”，否则视为“合规”\n  - name: aws-elbv2-desync-mitigation-mode\n    resource: aws.app-elb\n    filters:\n      - type: attributes\n        key: routing.http.desync_mitigation_mode\n        value: [\'strictest\',\'defensive\']\n        op: not-in', '[]', 'hummer-aws-plugin', 'Amazon Web Services', 'aws.png', concat(unix_timestamp(now()), '004'), 1, 'custodian', NULL, 0);
INSERT INTO `rule` (`id`, `name`, `status`, `severity`, `description`, `script`, `parameter`, `plugin_id`, `plugin_name`, `plugin_icon`, `last_modified`, `flag`, `scan_type`, `suggestion`, `xpack_tag`) VALUES ('b15eb1e3-b942-431d-87a2-65244ce09467', 'AWS ELB 删除保护检测', 1, 'LowRisk', '检查 ELB 弹性负载均衡器是否启用了删除保护。开启视为“合规”，否则视为“不合规”', 'policies:\n  #  检查 ELB 弹性负载均衡器是否启用了删除保护。开启视为“合规”，否则视为“不合规”\n  - name: aws-elbv2-deletion-protection\n    resource: aws.app-elb\n    filters:\n      - type: attributes\n        key: deletion_protection.enabled\n        value: false\n        op: eq', '[]', 'hummer-aws-plugin', 'Amazon Web Services', 'aws.png', concat(unix_timestamp(now()), '004'), 1, 'custodian', NULL, 0);
INSERT INTO `rule` (`id`, `name`, `status`, `severity`, `description`, `script`, `parameter`, `plugin_id`, `plugin_name`, `plugin_icon`, `last_modified`, `flag`, `scan_type`, `suggestion`, `xpack_tag`) VALUES ('997bd258-d3a6-489e-9b26-cadc8da6994f', 'AWS ELB SSL 加密方法检测', 1, 'LowRisk', '检查弹性负载均衡器是否具有不安全的 SSL 加密方法。存在视为“不合规”，负责视为“合规”', 'policies:\n  #  检查弹性负载均衡器是否具有不安全的 SSL 加密方法。存在视为“不合规”，负责视为“合规”\n  - name: aws-elb-use-insecure-ciphers\n    resource: aws.elb\n    filters:\n      - type: ssl-policy\n        matching: \"^Protocol-\"\n        whitelist:\n            - \"Protocol-TLSv1.1\"\n            - \"Protocol-TLSv1.2\"', '[]', 'hummer-aws-plugin', 'Amazon Web Services', 'aws.png', concat(unix_timestamp(now()), '004'), 1, 'custodian', NULL, 0);
INSERT INTO `rule` (`id`, `name`, `status`, `severity`, `description`, `script`, `parameter`, `plugin_id`, `plugin_name`, `plugin_icon`, `last_modified`, `flag`, `scan_type`, `suggestion`, `xpack_tag`) VALUES ('cdf79ce4-7f7e-48d2-97df-f426d014a947', 'AWS ELB SSL 监听器检测', 1, 'LowRisk', '检查弹性负载均衡器是否有非 SSL 监听器。有视为“不合规”，否则视为“合规”。有启视为”不合规“，否则视为”合规“', 'policies:\n  #  检查弹性负载均衡器是否有非 SSL 监听器。有视为“不合规”，否则视为“合规”。有启视为”不合规“，否则视为”合规“。\n  - name: aws-elb-ssl-listeners\n    resource: aws.elb', '[]', 'hummer-aws-plugin', 'Amazon Web Services', 'aws.png', concat(unix_timestamp(now()), '004'), 1, 'custodian', NULL, 0);
INSERT INTO `rule` (`id`, `name`, `status`, `severity`, `description`, `script`, `parameter`, `plugin_id`, `plugin_name`, `plugin_icon`, `last_modified`, `flag`, `scan_type`, `suggestion`, `xpack_tag`) VALUES ('46e75d3d-dda0-42c4-9a8f-af7f80b358d4', 'AWS CLB 关联实例检测', 1, 'LowRisk', '检查处于闲置状态的 CLB，未关联实例的CLB视为闲置，实例内容为空是视为“不合规”，否则视为“合规”', 'policies:\n  #  检查处于闲置状态的 CLB，未关联实例的CLB视为闲置，实例内容为空是视为“不合规”，否则视为“合规”\n  - name: aws-elb-no-instance\n    resource: aws.elb\n    filters:\n      - type: instance\n        value: empty', '[]', 'hummer-aws-plugin', 'Amazon Web Services', 'aws.png', concat(unix_timestamp(now()), '004'), 1, 'custodian', NULL, 0);
INSERT INTO `rule` (`id`, `name`, `status`, `severity`, `description`, `script`, `parameter`, `plugin_id`, `plugin_name`, `plugin_icon`, `last_modified`, `flag`, `scan_type`, `suggestion`, `xpack_tag`) VALUES ('343c9d85-46a9-40e3-8323-834bb8c739d1', 'AWS ELB 日志记录检测', 1, 'LowRisk', '检查弹性负载均衡器是否启用了日志记录。启动视为“合规”，否则视为“不合规”。开启视为”不合规“，否则视为”合规“。', 'policies:\n  # 检查弹性负载均衡器是否启用了日志记录。启动视为“合规”，否则视为“不合规”。开启视为”不合规“，否则视为”合规“。\n  - name: aws-elb-logging-enabled\n    resource: aws.elb\n    filters:\n      - type: is-not-logging', '[]', 'hummer-aws-plugin', 'Amazon Web Services', 'aws.png', concat(unix_timestamp(now()), '004'), 1, 'custodian', NULL, 0);
INSERT INTO `rule` (`id`, `name`, `status`, `severity`, `description`, `script`, `parameter`, `plugin_id`, `plugin_name`, `plugin_icon`, `last_modified`, `flag`, `scan_type`, `suggestion`, `xpack_tag`) VALUES ('9ad2ea76-c8e6-4278-b6c1-60d78e80ddc7', 'AWS CLB 状态检测', 1, 'LowRisk', '检查处于闲置状态的 CLB，未关联实例的CLB视为闲置，实例内容为空是视为“不合规”，否则视为“合规”', 'policies:\n  #  检查处于闲置状态的 CLB，未关联实例的CLB视为闲置，实例内容为空是视为“不合规”，否则视为“合规”\n  - name: aws-elb-is-ssl\n    resource: aws.elb\n    filters:\n      - type: is-ssl', '[]', 'hummer-aws-plugin', 'Amazon Web Services', 'aws.png', concat(unix_timestamp(now()), '004'), 1, 'custodian', NULL, 0);
INSERT INTO `rule` (`id`, `name`, `status`, `severity`, `description`, `script`, `parameter`, `plugin_id`, `plugin_name`, `plugin_icon`, `last_modified`, `flag`, `scan_type`, `suggestion`, `xpack_tag`) VALUES ('7c7b9048-b3f3-4fef-a05d-a83a5641fd61', 'AWS ELB 连接检测', 1, 'LowRisk', '要确保经典负载均衡器停止向正在取消注册或运行状况不佳的实例发送请求，并使现有连接保持打开状态。配置开启视为“合规”，否则视为“不合规”', 'policies:\n # 要确保经典负载均衡器停止向正在取消注册或运行状况不佳的实例发送请求，并使现有连接保持打开状态。配置开启视为“合规”，否则视为“不合规”\n  - name: elb-is-connection-draining\n    resource: elb\n    filters:\n      - type: attributes\n        key: ConnectionDraining.Enabled\n        value: true\n        op: eq', '[]', 'hummer-aws-plugin', 'Amazon Web Services', 'aws.png', concat(unix_timestamp(now()), '004'), 1, 'custodian', NULL, 0);
INSERT INTO `rule` (`id`, `name`, `status`, `severity`, `description`, `script`, `parameter`, `plugin_id`, `plugin_name`, `plugin_icon`, `last_modified`, `flag`, `scan_type`, `suggestion`, `xpack_tag`) VALUES ('4609edb3-e046-49b4-a400-265e43e68a11', 'AWS ELB 互联网访问检测', 1, 'LowRisk', '检查 ELB 是否可以从互联网进行访问，可以视为“不合规”，否则视为“合规”', 'policies:\n  #  检查ELB是否可以从互联网进行访问，可以视为“不合规”，否则视为“合规”\n  - name: aws-elb-internet-facing\n    resource: aws.elb\n    filters:\n      - type: value\n        key: Scheme\n        value: internet-facing\n        op: eq', '[]', 'hummer-aws-plugin', 'Amazon Web Services', 'aws.png', concat(unix_timestamp(now()), '004'), 1, 'custodian', NULL, 0);
INSERT INTO `rule` (`id`, `name`, `status`, `severity`, `description`, `script`, `parameter`, `plugin_id`, `plugin_name`, `plugin_icon`, `last_modified`, `flag`, `scan_type`, `suggestion`, `xpack_tag`) VALUES ('3dd12289-09b4-4ba3-ad2e-842f444cc7e4', 'AWS ELB 协议检测', 1, 'LowRisk', '检查 ELB 使用的协议和健康检查协议是否一致，一致视为“合规”，否则视为“不合规”', 'policies:\n  #  检查 ELB 使用的协议和健康检查协议是否一致，一致视为“合规”，否则视为“不合规”\n  - name: aws-elb-healthcheck-mismatch\n    resource: aws.elb\n    filters:\n      - type: healthcheck-protocol-mismatch', '[]', 'hummer-aws-plugin', 'Amazon Web Services', 'aws.png', concat(unix_timestamp(now()), '004'), 1, 'custodian', NULL, 0);
INSERT INTO `rule` (`id`, `name`, `status`, `severity`, `description`, `script`, `parameter`, `plugin_id`, `plugin_name`, `plugin_icon`, `last_modified`, `flag`, `scan_type`, `suggestion`, `xpack_tag`) VALUES ('14faa3b9-0776-44dd-9a71-1d300106e044', 'AWS ELB default VPC 检测', 1, 'LowRisk', '检查 ELB 是否处于default VPC中，是视为“不合规”，否则视为“合规”', 'policies:\n  #  检查 ELB 是否处于default VPC中，是视为“不合规”，否则视为“合规”\n  - name: aws-elb-default-vpc\n    resource: aws.elb\n    filters:\n      - type: default-vpc', '[]', 'hummer-aws-plugin', 'Amazon Web Services', 'aws.png', concat(unix_timestamp(now()), '004'), 1, 'custodian', NULL, 0);
INSERT INTO `rule` (`id`, `name`, `status`, `severity`, `description`, `script`, `parameter`, `plugin_id`, `plugin_name`, `plugin_icon`, `last_modified`, `flag`, `scan_type`, `suggestion`, `xpack_tag`) VALUES ('2a3f8d14-094f-47b5-8cb4-d4e7314766ad', 'AWS ingress 规则的安全组检测', 1, 'LowRisk', '查找具有超过 30 个 ingress 规则的安全组。如果有返回视为\"不合规\"，没有视为\"合规\"', 'policies:\n  #  查找具有超过 30 个 ingress 规则的安全组。如果有返回视为\"不合规\"，没有视为\"合规\"\n  - name: aws-EC2-securitygroup-with-many-ingress-rules\n    resource: aws.security-group\n    filters:\n    - type: value\n      key: IpPermissions\n      value_type: size\n      value: 30\n      op: gt', '[]', 'hummer-aws-plugin', 'Amazon Web Services', 'aws.png', concat(unix_timestamp(now()), '004'), 1, 'custodian', NULL, 0);
INSERT INTO `rule` (`id`, `name`, `status`, `severity`, `description`, `script`, `parameter`, `plugin_id`, `plugin_name`, `plugin_icon`, `last_modified`, `flag`, `scan_type`, `suggestion`, `xpack_tag`) VALUES ('12a15ace-add9-40e6-9bd4-74e102fd3298', 'AWS egress 规则的安全组检测', 1, 'LowRisk', '查找具有超过 30 个 egress 规则的安全组。如果有返回视为\"不合规\"，没有视为\"合规\"', 'policies:\n  #  查找具有超过 30 个 egress 规则的安全组。如果有返回视为\"不合规\"，没有视为\"合规\"\n  - name: aws-EC2-securitygroup-with-many-egress-rules\n    resource: aws.security-group\n    filters:\n    - type: value\n      key: IpPermissionsEgress\n      value_type: size\n      value: 30\n      op: gt', '[]', 'hummer-aws-plugin', 'Amazon Web Services', 'aws.png', concat(unix_timestamp(now()), '004'), 1, 'custodian', NULL, 0);
INSERT INTO `rule` (`id`, `name`, `status`, `severity`, `description`, `script`, `parameter`, `plugin_id`, `plugin_name`, `plugin_icon`, `last_modified`, `flag`, `scan_type`, `suggestion`, `xpack_tag`) VALUES ('b9d90595-cce7-48df-a276-7a0bd2d00402', 'AWS VPC 的默认安全组限制检测', 1, 'MediumRisk', '确保每个 VPC 的默认安全组限制所有流量。如果有返回视为\"不合规\"，没有视为\"合规\"', 'policies:\n  #  确保每个 VPC 的默认安全组限制所有流量。如果有返回视为\"不合规\"，没有视为\"合规\"\n  - name: aws-EC2-securitygroup-not-used\n    resource: aws.security-group\n    filters:\n    - unused', '[]', 'hummer-aws-plugin', 'Amazon Web Services', 'aws.png', concat(unix_timestamp(now()), '004'), 1, 'custodian', NULL, 0);
INSERT INTO `rule` (`id`, `name`, `status`, `severity`, `description`, `script`, `parameter`, `plugin_id`, `plugin_name`, `plugin_icon`, `last_modified`, `flag`, `scan_type`, `suggestion`, `xpack_tag`) VALUES ('5756a0ca-b7d3-40fd-a579-61465f6908fe', 'AWS VPC 的默认安全组流量限制检测', 1, 'MediumRisk', '确保每个 VPC 的默认安全组限制所有流量。如果有返回视为\"不合规\"，没有视为\"合规\"', 'policies:\n  #  确保每个 VPC 的默认安全组限制所有流量。如果有返回视为\"不合规\"，没有视为\"合规\"\n  - name: aws-EC2-securitygroup-from-launch-wizard\n    resource: aws.security-group\n    filters:\n    - type: value\n      key: GroupName\n      value: \'launch-wizard\'\n      op: contains', '[]', 'hummer-aws-plugin', 'Amazon Web Services', 'aws.png', concat(unix_timestamp(now()), '004'), 1, 'custodian', NULL, 0);
INSERT INTO `rule` (`id`, `name`, `status`, `severity`, `description`, `script`, `parameter`, `plugin_id`, `plugin_name`, `plugin_icon`, `last_modified`, `flag`, `scan_type`, `suggestion`, `xpack_tag`) VALUES ('cf35a107-36d1-47d0-93eb-7293792864b7', 'AWS VPC 的默认安全组流量检测', 1, 'MediumRisk', '确保每个 VPC 的默认安全组限制所有流量。如果有返回视为\"不合规\"，没有视为\"合规\"', 'policies:\n  #  确保每个VPC的默认安全组限制所有流量。如果有返回视为\"不合规\"，没有视为\"合规\"\n  - name: aws-EC2-securitygroup-default-restrict-traffic\n    resource: aws.security-group\n    filters:\n    - type: value\n      key: GroupName\n      value: \'default\'\n      op: eq\n    - type: ingress\n      Cidr:\n        value: 0.0.0.0/0\n        op: eq \n        value_type: cidr', '[]', 'hummer-aws-plugin', 'Amazon Web Services', 'aws.png', concat(unix_timestamp(now()), '004'), 1, 'custodian', NULL, 0);
INSERT INTO `rule` (`id`, `name`, `status`, `severity`, `description`, `script`, `parameter`, `plugin_id`, `plugin_name`, `plugin_icon`, `last_modified`, `flag`, `scan_type`, `suggestion`, `xpack_tag`) VALUES ('d66f6e10-a73a-4b3c-9b16-cb96ce6c2f67', 'AWS 安全组 telnet 端口 23 检测', 1, 'CriticalRisk', '确保没有安全组允许从 0.0.0.0/0 或 ::/0 进入 telnet 端口 23。如果有返回视为\"不合规\"，没有视为\"合规\"', 'policies:\n  #  确保没有安全组允许从 0.0.0.0/0 或 ::/0 进入 telnet 端口 23。如果有返回视为\"不合规\"，没有视为\"合规\"\n  - name: aws-EC2-securitygroup-allow-ingress-from-internet-to-port-elasticsearch_kibana\n    resource: aws.security-group\n    filters:\n    - type: ingress\n      Ports: [23]\n      Cidr:\n        value: 0.0.0.0/0\n        op: eq \n        value_type: cidr', '[]', 'hummer-aws-plugin', 'Amazon Web Services', 'aws.png', concat(unix_timestamp(now()), '004'), 1, 'custodian', NULL, 0);
INSERT INTO `rule` (`id`, `name`, `status`, `severity`, `description`, `script`, `parameter`, `plugin_id`, `plugin_name`, `plugin_icon`, `last_modified`, `flag`, `scan_type`, `suggestion`, `xpack_tag`) VALUES ('18a98faf-cdba-44e2-8cf2-1fdd91dab1b0', 'AWS 安全组 SSH 端口 22 检测', 1, 'CriticalRisk', '确保没有安全组允许从 0.0.0.0/0 或 ::/0 进入 SSH 端口 22。如果有返回视为\"不合规\"，没有视为\"合规\"', 'policies:\n  #  确保没有安全组允许从 0.0.0.0/0 或 ::/0 进入 SSH 端口 22。如果有返回视为\"不合规\"，没有视为\"合规\"\n  - name: aws-EC2-securitygroup-allow-ingress-from-internet-to-port-ssh\n    resource: aws.security-group\n    filters:\n    - type: ingress\n      Ports: [22]\n      Cidr:\n        value: 0.0.0.0/0\n        op: eq \n        value_type: cidr', '[]', 'hummer-aws-plugin', 'Amazon Web Services', 'aws.png', concat(unix_timestamp(now()), '004'), 1, 'custodian', NULL, 0);
INSERT INTO `rule` (`id`, `name`, `status`, `severity`, `description`, `script`, `parameter`, `plugin_id`, `plugin_name`, `plugin_icon`, `last_modified`, `flag`, `scan_type`, `suggestion`, `xpack_tag`) VALUES ('b409cc30-5ce4-4a71-98d4-053bdc9c0d3f', 'AWS 安全组 sqlserver 端口 1433，1434 检测', 1, 'CriticalRisk', '确保没有安全组允许从 0.0.0.0/0 或 ::/0 进入 sqlserver 端口 1433，1434。如果有返回视为\"不合规\"，没有视为\"合规\"', 'policies:\n  #  确保没有安全组允许从 0.0.0.0/0 或 ::/0 进入 sqlserver 端口 1433，1434。如果有返回视为\"不合规\"，没有视为\"合规\"\n  - name: aws-EC2-securitygroup-allow-ingress-from-internet-to-port-elasticsearch_kibana\n    resource: aws.security-group\n    filters:\n    - type: ingress\n      Ports: [1433,1434]\n      Cidr:\n        value: 0.0.0.0/0\n        op: eq \n        value_type: cidr', '[]', 'hummer-aws-plugin', 'Amazon Web Services', 'aws.png', concat(unix_timestamp(now()), '004'), 1, 'custodian', NULL, 0);
INSERT INTO `rule` (`id`, `name`, `status`, `severity`, `description`, `script`, `parameter`, `plugin_id`, `plugin_name`, `plugin_icon`, `last_modified`, `flag`, `scan_type`, `suggestion`, `xpack_tag`) VALUES ('e1d10566-0d78-4360-b9aa-1fc2cf95bc88', 'AWS 安全组 postgres 端口 5432 检测', 1, 'CriticalRisk', '确保没有安全组允许从 0.0.0.0/0 或 ::/0 进入 postgres 端口 5432。如果有返回视为\"不合规\"，没有视为\"合规\"', 'policies:\n  #  确保没有安全组允许从 0.0.0.0/0 或 ::/0 进入 postgres 端口 5432。如果有返回视为\"不合规\"，没有视为\"合规\"\n  - name: aws-EC2-securitygroup-allow-ingress-from-internet-to-port-elasticsearch_kibana\n    resource: aws.security-group\n    filters:\n    - type: ingress\n      Ports: [5432]\n      Cidr:\n        value: 0.0.0.0/0\n        op: eq \n        value_type: cidr', '[]', 'hummer-aws-plugin', 'Amazon Web Services', 'aws.png', concat(unix_timestamp(now()), '004'), 1, 'custodian', NULL, 0);
INSERT INTO `rule` (`id`, `name`, `status`, `severity`, `description`, `script`, `parameter`, `plugin_id`, `plugin_name`, `plugin_icon`, `last_modified`, `flag`, `scan_type`, `suggestion`, `xpack_tag`) VALUES ('4e1d277a-e103-4314-ba80-f95b4402a4b1', 'AWS 安全组 oracle 端口 1521，2483 检测', 1, 'CriticalRisk', '确保没有安全组允许从 0.0.0.0/0 或 ::/0 进入 oracle 端口 1521，2483 。如果有返回视为\"不合规\"，没有视为\"合规\"', 'policies:\n  #  确保没有安全组允许从 0.0.0.0/0 或 ::/0 进入 oracle 端口 1521，2483 。如果有返回视为\"不合规\"，没有视为\"合规\"\n  - name: aws-EC2-securitygroup-allow-ingress-from-internet-to-port-elasticsearch_kibana\n    resource: aws.security-group\n    filters:\n    - type: ingress\n      Ports: [1521,2483]\n      Cidr:\n        value: 0.0.0.0/0\n        op: eq \n        value_type: cidr', '[]', 'hummer-aws-plugin', 'Amazon Web Services', 'aws.png', concat(unix_timestamp(now()), '004'), 1, 'custodian', NULL, 0);
INSERT INTO `rule` (`id`, `name`, `status`, `severity`, `description`, `script`, `parameter`, `plugin_id`, `plugin_name`, `plugin_icon`, `last_modified`, `flag`, `scan_type`, `suggestion`, `xpack_tag`) VALUES ('c836a059-26a2-44fe-9626-3b4468e244e5', 'AWS 安全组 mysql 端口 3306 检测', 1, 'CriticalRisk', '确保没有安全组允许从 0.0.0.0/0 或 ::/0 进入 mysql 端口 3306。如果有返回视为\"不合规\"，没有视为\"合规\"', 'policies:\n  #  确保没有安全组允许从 0.0.0.0/0 或 ::/0 进入 mysql 端口 3306。如果有返回视为\"不合规\"，没有视为\"合规\"\n  - name: aws-EC2-securitygroup-allow-ingress-from-internet-to-port-elasticsearch_kibana\n    resource: aws.security-group\n    filters:\n    - type: ingress\n      Ports: [3306]\n      Cidr:\n        value: 0.0.0.0/0\n        op: eq \n        value_type: cidr', '[]', 'hummer-aws-plugin', 'Amazon Web Services', 'aws.png', concat(unix_timestamp(now()), '004'), 1, 'custodian', NULL, 0);
INSERT INTO `rule` (`id`, `name`, `status`, `severity`, `description`, `script`, `parameter`, `plugin_id`, `plugin_name`, `plugin_icon`, `last_modified`, `flag`, `scan_type`, `suggestion`, `xpack_tag`) VALUES ('2f9c1e21-9005-4b64-9e6e-2645dc8ce2d4', 'AWS 安全组MongoDB 端口 27017 和 27018 检测', 1, 'CriticalRisk', '确保没有安全组允许从 0.0.0.0/0 或 ::/0 进入 MongoDB 端口 27017 和 27018。如果有返回视为\"不合规\"，没有视为\"合规\"', 'policies:\n  #  确保没有安全组允许从 0.0.0.0/0 或 ::/0 进入 MongoDB 端口 27017 和 27018。如果有返回视为\"不合规\"，没有视为\"合规\"\n  - name: aws-EC2-securitygroup-allow-ingress-from-internet-to-port-mongodb\n    resource: aws.security-group\n    filters:\n    - type: ingress\n      Ports: [27017,27018]\n      Cidr:\n        value: 0.0.0.0/0\n        op: eq \n        value_type: cidr', '[]', 'hummer-aws-plugin', 'Amazon Web Services', 'aws.png', concat(unix_timestamp(now()), '004'), 1, 'custodian', NULL, 0);
INSERT INTO `rule` (`id`, `name`, `status`, `severity`, `description`, `script`, `parameter`, `plugin_id`, `plugin_name`, `plugin_icon`, `last_modified`, `flag`, `scan_type`, `suggestion`, `xpack_tag`) VALUES ('fe6b8f9b-5011-4253-b28e-532730b1d6d0', 'AWS 安全组 memcached 端口 11211 检测', 1, 'CriticalRisk', '确保没有安全组允许从 0.0.0.0/0 或 ::/0 进入 memcached 端口 11211。如果有返回视为\"不合规\"，没有视为\"合规\"', 'policies:\n  #  确保没有安全组允许从 0.0.0.0/0 或 ::/0 进入 memcached 端口 11211。如果有返回视为\"不合规\"，没有视为\"合规\"\n  - name: aws-EC2-securitygroup-allow-ingress-from-internet-to-port-elasticsearch_kibana\n    resource: aws.security-group\n    filters:\n    - type: ingress\n      Ports: [11211]\n      Cidr:\n        value: 0.0.0.0/0\n        op: eq \n        value_type: cidr', '[]', 'hummer-aws-plugin', 'Amazon Web Services', 'aws.png', concat(unix_timestamp(now()), '004'), 1, 'custodian', NULL, 0);
INSERT INTO `rule` (`id`, `name`, `status`, `severity`, `description`, `script`, `parameter`, `plugin_id`, `plugin_name`, `plugin_icon`, `last_modified`, `flag`, `scan_type`, `suggestion`, `xpack_tag`) VALUES ('165dadc5-1904-4585-b13b-638beb542c3f', 'AWS 安全组 kafka 端口 9092 检测', 1, 'CriticalRisk', '确保没有安全组允许从 0.0.0.0/0 或 ::/0 进入 kafka 端口 9092。如果有返回视为\"不合规\"，没有视为\"合规\"', 'policies:\n  #  确保没有安全组允许从 0.0.0.0/0 或 ::/0 进入 kafka 端口 9092。如果有返回视为\"不合规\"，没有视为\"合规\"\n  - name: aws-EC2-securitygroup-allow-ingress-from-internet-to-port-elasticsearch_kibana\n    resource: aws.security-group\n    filters:\n    - type: ingress\n      Ports: [9092]\n      Cidr:\n        value: 0.0.0.0/0\n        op: eq \n        value_type: cidr', '[]', 'hummer-aws-plugin', 'Amazon Web Services', 'aws.png', concat(unix_timestamp(now()), '004'), 1, 'custodian', NULL, 0);
INSERT INTO `rule` (`id`, `name`, `status`, `severity`, `description`, `script`, `parameter`, `plugin_id`, `plugin_name`, `plugin_icon`, `last_modified`, `flag`, `scan_type`, `suggestion`, `xpack_tag`) VALUES ('fa61fc2a-5a7d-4915-8302-c5d435b3a69e', 'AWS 安全组 FTP 端口 20 和 21 检测', 1, 'CriticalRisk', '确保没有安全组允许从 0.0.0.0/0 或 ::/0 进入 elasticsearch和kibana 端口 9200 or 9300 or 5601。如果有返回视为\"不合规\"，没有视为\"合规\"', 'policies:\n  #  确保没有安全组允许从 0.0.0.0/0 或 ::/0 进入 FTP 端口 20 和 21。如果有返回视为\"不合规\"，没有视为\"合规\"\n  - name: aws-EC2-securitygroup-allow-ingress-from-internet-to-port-ftp\n    resource: aws.security-group\n    filters:\n    - type: ingress\n      Ports: [20,21]\n      Cidr:\n        value: 0.0.0.0/0\n        op: eq \n        value_type: cidr', '[]', 'hummer-aws-plugin', 'Amazon Web Services', 'aws.png', concat(unix_timestamp(now()), '004'), 1, 'custodian', NULL, 0);
INSERT INTO `rule` (`id`, `name`, `status`, `severity`, `description`, `script`, `parameter`, `plugin_id`, `plugin_name`, `plugin_icon`, `last_modified`, `flag`, `scan_type`, `suggestion`, `xpack_tag`) VALUES ('30a125e3-3e3b-4800-bc59-caca5113e9df', 'AWS 安全组端口 9200 or 9300 or 5601 检测', 1, 'CriticalRisk', '确保没有安全组允许从 0.0.0.0/0 或 ::/0 进入 elasticsearch和kibana 端口 9200 or 9300 or 5601。如果有返回视为\"不合规\"，没有视为\"合规\"', 'policies:\n  #  确保没有安全组允许从 0.0.0.0/0 或 ::/0 进入 elasticsearch和kibana 端口 9200 or 9300 or 5601。如果有返回视为\"不合规\"，没有视为\"合规\"\n  - name: aws-EC2-securitygroup-allow-ingress-from-internet-to-port-elasticsearch_kibana\n    resource: aws.security-group\n    filters:\n    - type: ingress\n      Ports: [9200,9300,5601]\n      Cidr:\n        value: 0.0.0.0/0\n        op: eq \n        value_type: cidr', '[]', 'hummer-aws-plugin', 'Amazon Web Services', 'aws.png', concat(unix_timestamp(now()), '004'), 1, 'custodian', NULL, 0);
INSERT INTO `rule` (`id`, `name`, `status`, `severity`, `description`, `script`, `parameter`, `plugin_id`, `plugin_name`, `plugin_icon`, `last_modified`, `flag`, `scan_type`, `suggestion`, `xpack_tag`) VALUES ('3a149e43-6c79-4632-b7bc-e4f0c693e7a8', 'AWS 安全组端口 7199 or 9160 or 8888 检测', 1, 'CriticalRisk', '确保没有安全组允许从 0.0.0.0/0 或 ::/0 进入 Cassandra 端口 7199 or 9160 or 8888。如果有返回视为\"不合规\"，没有视为\"合规\"', 'policies:\n  #  确保没有安全组允许从 0.0.0.0/0 或 ::/0 进入 Cassandra 端口 7199 or 9160 or 8888。如果有返回视为\"不合规\"，没有视为\"合规\"\n  - name: aws-EC2-securitygroup-allow-ingress-from-internet-to-port-Cassandra\n    resource: aws.security-group\n    filters:\n    - type: ingress\n      Ports: [7199,9160,8888]\n      Cidr:\n        value: 0.0.0.0/0\n        op: eq \n        value_type: cidr', '[]', 'hummer-aws-plugin', 'Amazon Web Services', 'aws.png', concat(unix_timestamp(now()), '004'), 1, 'custodian', NULL, 0);
INSERT INTO `rule` (`id`, `name`, `status`, `severity`, `description`, `script`, `parameter`, `plugin_id`, `plugin_name`, `plugin_icon`, `last_modified`, `flag`, `scan_type`, `suggestion`, `xpack_tag`) VALUES ('491c7d82-c4c7-4fc6-9c88-5599828a6df4', 'AWS 安全组端口 3389 检测', 1, 'CriticalRisk', '确保没有安全组允许从 0.0.0.0/0 或 ::/0 进入端口 3389。如果有返回视为\"不合规\"，没有视为\"合规\"', 'policies:\n  #  确保没有安全组允许从 0.0.0.0/0 或 ::/0 进入端口 3389。如果有返回视为\"不合规\"，没有视为\"合规\"\n  - name: aws-EC2-securitygroup-allow-ingress-from-internet-to-port-3389\n    resource: aws.security-group\n    filters:\n    - type: ingress\n      Ports: [3389]\n      Cidr:\n        value: 0.0.0.0/0\n        op: eq \n        value_type: cidr', '[]', 'hummer-aws-plugin', 'Amazon Web Services', 'aws.png', concat(unix_timestamp(now()), '004'), 1, 'custodian', NULL, 0);
INSERT INTO `rule` (`id`, `name`, `status`, `severity`, `description`, `script`, `parameter`, `plugin_id`, `plugin_name`, `plugin_icon`, `last_modified`, `flag`, `scan_type`, `suggestion`, `xpack_tag`) VALUES ('39a89ee8-8c86-4a48-9fe1-8cceaed13a9a', 'AWS 安全组端口检测', 1, 'CriticalRisk', '确保没有安全组允许从 0.0.0.0/0 或 ::/0 进入任何端口。如果有返回视为\"不合规\"，没有视为\"合规\"', 'policies:\n  #  确保没有安全组允许从 0.0.0.0/0 或 ::/0 进入任何端口。如果有返回视为\"不合规\"，没有视为\"合规\"\n  - name: aws-EC2-securitygroup-allow-ingress-from-internet-to-any-port\n    resource: aws.security-group\n    filters:\n    - type: ingress\n      # IpProtocol: \'-1\'\n      Cidr:\n        value: 0.0.0.0/0\n        op: eq \n        value_type: cidr', '[]', 'hummer-aws-plugin', 'Amazon Web Services', 'aws.png', concat(unix_timestamp(now()), '004'), 1, 'custodian', NULL, 0);
INSERT INTO `rule` (`id`, `name`, `status`, `severity`, `description`, `script`, `parameter`, `plugin_id`, `plugin_name`, `plugin_icon`, `last_modified`, `flag`, `scan_type`, `suggestion`, `xpack_tag`) VALUES ('682fb9fe-9761-44ef-b333-9fcbeeeb4c82', 'AWS EC2 的 userdata 检测', 1, 'CriticalRisk', '检查在 EC2 的userdata中是否包含敏感数据，这里检测是否包含password内容。如果有返回视为\"不合规\"，没有视为\"合规\"', 'policies:\n  #  检查在 EC2 的userdata中是否包含敏感数据，这里检测是否包含password内容。如果有返回视为\"不合规\"，没有视为\"合规\"\n  - name: aws-EC2-instance-secrets-user-data\n    resource: aws.EC2\n    filters:\n      - type: user-data\n        op: regex\n        value: (?smi).*password=', '[]', 'hummer-aws-plugin', 'Amazon Web Services', 'aws.png', concat(unix_timestamp(now()), '004'), 1, 'custodian', NULL, 0);
INSERT INTO `rule` (`id`, `name`, `status`, `severity`, `description`, `script`, `parameter`, `plugin_id`, `plugin_name`, `plugin_icon`, `last_modified`, `flag`, `scan_type`, `suggestion`, `xpack_tag`) VALUES ('a7faed4a-73ed-4ece-96f7-2ea9148da54d', 'AWS 公共 IP 的 EC2 实例检测', 1, 'CriticalRisk', '检查具有公共 IP 的 EC2 实例。如果有返回视为\"不合规\"，没有视为\"合规\"', 'policies:\n  #  检查具有公共 IP 的 EC2 实例。如果有返回视为\"不合规\"，没有视为\"合规\"\n  - name: aws-EC2-instance-public-ip\n    resource: aws.EC2\n    filters:\n      - PublicIpAddress: not-null', '[]', 'hummer-aws-plugin', 'Amazon Web Services', 'aws.png', concat(unix_timestamp(now()), '004'), 1, 'custodian', NULL, 0);
INSERT INTO `rule` (`id`, `name`, `status`, `severity`, `description`, `script`, `parameter`, `plugin_id`, `plugin_name`, `plugin_icon`, `last_modified`, `flag`, `scan_type`, `suggestion`, `xpack_tag`) VALUES ('ff29908d-8fa9-4912-904a-84acd5f91315', 'AWS  IAM 实例角色访问资源检测', 1, 'CriticalRisk', '确保 IAM 实例角色用于从实例访问 AWS 资源。如果有返回视为\"不合规\"，没有视为\"合规\"', 'policies:\n  #  确保 IAM 实例角色用于从实例访问 AWS 资源。如果有返回视为\"不合规\"，没有视为\"合规\"\n  - name: aws-EC2-instance-profile-attached\n    resource: aws.EC2\n    filters:\n      - IamInstanceProfile: absent', '[]', 'hummer-aws-plugin', 'Amazon Web Services', 'aws.png', concat(unix_timestamp(now()), '004'), 1, 'custodian', NULL, 0);
INSERT INTO `rule` (`id`, `name`, `status`, `severity`, `description`, `script`, `parameter`, `plugin_id`, `plugin_name`, `plugin_icon`, `last_modified`, `flag`, `scan_type`, `suggestion`, `xpack_tag`) VALUES ('bee3b406-b56e-4fc9-ad32-76399005140d', 'AWS EC2 实例运行时间检测', 1, 'CriticalRisk', '检查早于特定天数的 EC2 实例。如果时间大于指定天数视为\"不合规\"，否则视为\"合规\"', 'policies:\n  #  检查早于特定天数的 EC2 实例。如果时间大于指定天数视为\"不合规\"，否则视为\"合规\"\n  - name: aws-EC2-instance-older-than-specific-days\n    resource: aws.EC2\n    filters:\n      - type: instance-age\n        op: ge\n        days: 30', '[]', 'hummer-aws-plugin', 'Amazon Web Services', 'aws.png', concat(unix_timestamp(now()), '004'), 1, 'custodian', NULL, 0);
INSERT INTO `rule` (`id`, `name`, `status`, `severity`, `description`, `script`, `parameter`, `plugin_id`, `plugin_name`, `plugin_icon`, `last_modified`, `flag`, `scan_type`, `suggestion`, `xpack_tag`) VALUES ('3f4e02e8-5a96-48be-be7a-a21c42a5dc86', 'AWS EC2 实例 Systems Manager 管理检测', 1, 'MediumRisk', '检查 EC2 实例是否由 Systems Manager 管理。如果有返回视为\"不合规\"，没有视为\"合规\"', 'policies:\n  #  检查 EC2 实例是否由 Systems Manager 管理。如果有返回视为\"不合规\"，没有视为\"合规\"\n  - name: aws-EC2-instance-managed-by-ssm\n    resource: aws.EC2\n    filters:\n      - ssm: absent', '[]', 'hummer-aws-plugin', 'Amazon Web Services', 'aws.png', concat(unix_timestamp(now()), '004'), 1, 'custodian', NULL, 0);
INSERT INTO `rule` (`id`, `name`, `status`, `severity`, `description`, `script`, `parameter`, `plugin_id`, `plugin_name`, `plugin_icon`, `last_modified`, `flag`, `scan_type`, `suggestion`, `xpack_tag`) VALUES ('38f01101-b3a5-4f7b-b7c5-268960373a18', 'AWS EC2 实例配置文件检测', 1, 'HighRisk', '检查是否有附加实例配置文件的面向互联网的 EC2 实例。如果一个实例实例有公网IP，则视为“不合规”，否则为\"\"合规\"', 'policies:\n  #  检查是否有附加实例配置文件的面向互联网的 EC2 实例。如果一个实例实例有公网IP，则视为“不合规”，否则为\"\"合规\"\n  - name: aws-EC2-instance-internet-facing-with-instance-profile\n    resource: aws.EC2\n    filters:\n      - IamInstanceProfile: not-null\n      - PublicIpAddress: not-null', '[]', 'hummer-aws-plugin', 'Amazon Web Services', 'aws.png', concat(unix_timestamp(now()), '004'), 1, 'custodian', NULL, 0);
INSERT INTO `rule` (`id`, `name`, `status`, `severity`, `description`, `script`, `parameter`, `plugin_id`, `plugin_name`, `plugin_icon`, `last_modified`, `flag`, `scan_type`, `suggestion`, `xpack_tag`) VALUES ('57d129d8-6863-47c7-b2d3-fc195a109365', 'AWS EC2 实例元数据服务版本检测', 1, 'HighRisk', '检查 EC2 实例元数据服务版本 2 (IMDSv2) 是否已启用且必需。如果有返回视为”不合规“，没有视为”合规“', 'policies:\n  #  检查 EC2 实例元数据服务版本 2 (IMDSv2) 是否已启用且必需。如果有返回视为”不合规“，没有视为”合规“\n  - name: aws-EC2-instance-imdsv2-enabled\n    resource: aws.EC2\n    filters:\n    - or:\n      - MetadataOptions.HttpEndpoint: disabled\n      - MetadataOptions.HttpTokens: optional', '[]', 'hummer-aws-plugin', 'Amazon Web Services', 'aws.png', concat(unix_timestamp(now()), '004'), 1, 'custodian', NULL, 0);
INSERT INTO `rule` (`id`, `name`, `status`, `severity`, `description`, `script`, `parameter`, `plugin_id`, `plugin_name`, `plugin_icon`, `last_modified`, `flag`, `scan_type`, `suggestion`, `xpack_tag`) VALUES ('11dc007c-0d05-4856-bd3b-3a941d114d2e', 'AWS 弹性 IP 检测', 1, 'HighRisk', '检查是否有未分配的弹性IP，如果有返回视为”不合规“，没有视为”合规“', 'policies:\n  #  检查是否有未分配的弹性IP，如果有返回视为”不合规“，没有视为”合规“\n  - name: aws-EC2-elastic-ip-unassgined\n    resource: aws.elastic-ip\n    filters:\n      - InstanceId: absent\n      - AssociationId: absent', '[]', 'hummer-aws-plugin', 'Amazon Web Services', 'aws.png', concat(unix_timestamp(now()), '004'), 1, 'custodian', NULL, 0);
INSERT INTO `rule` (`id`, `name`, `status`, `severity`, `description`, `script`, `parameter`, `plugin_id`, `plugin_name`, `plugin_icon`, `last_modified`, `flag`, `scan_type`, `suggestion`, `xpack_tag`) VALUES ('75ccf25d-a85a-40e7-9ec2-1af3b634ef34', 'AWS EBS 快照加密检测', 1, 'HighRisk', '检查 EBS 快照是否加密。没有加密为”不合规“，否则视为”合规“', 'policies:\n  #  检查 EBS 快照是否加密。没有加密为”不合规“，否则视为”合规“\n  - name: aws-EC2-ebs-snapshots-encrypted\n    resource: aws.ebs-snapshot\n    filters:\n      - type: value\n        key: Encrypted\n        value: false', '[]', 'hummer-aws-plugin', 'Amazon Web Services', 'aws.png', concat(unix_timestamp(now()), '004'), 1, 'custodian', NULL, 0);
INSERT INTO `rule` (`id`, `name`, `status`, `severity`, `description`, `script`, `parameter`, `plugin_id`, `plugin_name`, `plugin_icon`, `last_modified`, `flag`, `scan_type`, `suggestion`, `xpack_tag`) VALUES ('bc4b5ad9-a8cb-46da-bbfe-ca29e182eae4', 'AWS EBS 快照设置检测', 1, 'MediumRisk', '确保没有 EBS 快照设置为公共。有共有快照为为”不合规“，否则视为”合规“', 'policies:\n  #  确保没有 EBS 快照设置为公共。有共有快照为为”不合规“，否则视为”合规“\n  - name: aws-EC2-ebs-public-snapshot\n    resource: aws.ebs-snapshot\n    filters:\n      - type: cross-account\n        everyone_only: true', '[]', 'hummer-aws-plugin', 'Amazon Web Services', 'aws.png', concat(unix_timestamp(now()), '004'), 1, 'custodian', NULL, 0);
INSERT INTO `rule` (`id`, `name`, `status`, `severity`, `description`, `script`, `parameter`, `plugin_id`, `plugin_name`, `plugin_icon`, `last_modified`, `flag`, `scan_type`, `suggestion`, `xpack_tag`) VALUES ('b57b98d0-e6ee-4fab-a542-e43c2048753c', 'AWS 未使用的subnet-group检测', 1, 'LowRisk', '检查未被使用的 RDS subnet-group 。开启视为”合规“，否则视为”不合规“。', 'policies:\n  #  检查未被使用的 RDS subnet-group 。开启视为”合规“，否则视为”不合规“。\n  - name: aws-rds-instance-backup-enabled\n    resource: aws.rds-subnet-group\n    filters:\n      - unused', '[]', 'hummer-aws-plugin', 'Amazon Web Services', 'aws.png', concat(unix_timestamp(now()), '004'), 1, 'custodian', NULL, 0);
INSERT INTO `rule` (`id`, `name`, `status`, `severity`, `description`, `script`, `parameter`, `plugin_id`, `plugin_name`, `plugin_icon`, `last_modified`, `flag`, `scan_type`, `suggestion`, `xpack_tag`) VALUES ('443c04aa-9133-47b8-96b5-da22ff95ad65', 'AWS 存储桶是否启用了 ACL 检测', 1, 'MediumRisk', '检查 S3 存储桶是否启用了 ACL。开启视为”不合规“，否则视为”合规“。', 'policies:\n  #  检查 S3 存储桶是否启用了 ACL。开启视为”不合规“，否则视为”合规“。\n  - name: aws-s3-bucket-acl-prohibited\n    resource: aws.s3\n    filters:\n      - type: ownership\n        value: BucketOwnerEnforced', '[]', 'hummer-aws-plugin', 'Amazon Web Services', 'aws.png', concat(unix_timestamp(now()), '004'), 1, 'custodian', NULL, 0);
INSERT INTO `rule` (`id`, `name`, `status`, `severity`, `description`, `script`, `parameter`, `plugin_id`, `plugin_name`, `plugin_icon`, `last_modified`, `flag`, `scan_type`, `suggestion`, `xpack_tag`) VALUES ('925f698a-e821-45f0-b92a-c3b0c95efd1a', 'AWS  存储桶 MFA 删除启用检测', 1, 'MediumRisk', '检查 S3 存储桶 MFA 删除是否未启用。开启视为”合规“，否则视为”不合规“。', 'policies:\n  #  检查 S3 存储桶 MFA 删除是否未启用。开启视为”合规“，否则视为”不合规“。\n  - name: aws-s3-bucket-no-mfa-delete\n    resource: aws.s3\n    filters:\n    - or:\n      - type: value\n        key: Versioning.MFADelete\n        value: false\n      - type: value\n        key: Versioning.MFADelete\n        value: absent\n      - type: value\n        key: Versioning.MFADelete\n        value: \'Disabled\'', '[]', 'hummer-aws-plugin', 'Amazon Web Services', 'aws.png', concat(unix_timestamp(now()), '004'), 1, 'custodian', NULL, 0);
INSERT INTO `rule` (`id`, `name`, `status`, `severity`, `description`, `script`, `parameter`, `plugin_id`, `plugin_name`, `plugin_icon`, `last_modified`, `flag`, `scan_type`, `suggestion`, `xpack_tag`) VALUES ('0c58d1ec-1621-4a90-b0ce-57ea782639f6', 'AWS 存储桶启用服务器访问日志记录检测', 1, 'MediumRisk', '检查 S3 存储桶是否启用了服务器访问日志记录。启用视为”合规“，否则视为”不合规“。', 'policies:\n  #  检查 S3 存储桶是否启用了服务器访问日志记录。启用视为”合规“，否则视为”不合规“。\n  - name: aws-s3-bucket-server-access-logging-enabled\n    resource: aws.s3\n    filters:\n      - type: bucket-logging\n        op: disabled', '[]', 'hummer-aws-plugin', 'Amazon Web Services', 'aws.png', concat(unix_timestamp(now()), '004'), 1, 'custodian', NULL, 0);
INSERT INTO `rule` (`id`, `name`, `status`, `severity`, `description`, `script`, `parameter`, `plugin_id`, `plugin_name`, `plugin_icon`, `last_modified`, `flag`, `scan_type`, `suggestion`, `xpack_tag`) VALUES ('2196d5ba-31ea-4c17-aed3-5973de343315', 'AWS 任何人可以写的存储桶检测', 1, 'CriticalRisk', '确保没有可以被任何人或任何 AWS 客户可写的 S3 存储桶。存在视为”不合规“，否则视为”合规“。', 'policies:\n  #  确保没有可以被任何人或任何 AWS 客户可写的 S3 存储桶。存在视为”不合规“，否则视为”合规“。\n  - name: aws-s3-bucket-public-write-acl\n    resource: aws.s3\n    filters:\n      - type: global-grants\n        allow_website: false\n        permissions: [\'FULL_CONTROL\',\'WRITE_ACP\',\'WRITE\']\n        operator: \'or\'', '[]', 'hummer-aws-plugin', 'Amazon Web Services', 'aws.png', concat(unix_timestamp(now()), '004'), 1, 'custodian', NULL, 0);
INSERT INTO `rule` (`id`, `name`, `status`, `severity`, `description`, `script`, `parameter`, `plugin_id`, `plugin_name`, `plugin_icon`, `last_modified`, `flag`, `scan_type`, `suggestion`, `xpack_tag`) VALUES ('50003d5a-29c6-407e-b86a-5bc8efa25bd0', 'AWS 可以列出全部存储桶检测', 1, 'CriticalRisk', '确保没有可以被任何人或任何 AWS 客户列出的 S3 存储桶。存在视为”不合规“，否则视为”合规“。', 'policies:\n  #  确保没有可以被任何人或任何 AWS 客户列出的 S3 存储桶。存在视为”不合规“，否则视为”合规“。\n  - name: aws-s3-bucket-public-list-acl\n    resource: aws.s3\n    filters:\n      - type: global-grants\n        allow_website: false\n        permissions: [\'FULL_CONTROL\',\'READ_ACP\',\'READ\']\n        operator: \'or\'', '[]', 'hummer-aws-plugin', 'Amazon Web Services', 'aws.png', concat(unix_timestamp(now()), '004'), 1, 'custodian', NULL, 0);
INSERT INTO `rule` (`id`, `name`, `status`, `severity`, `description`, `script`, `parameter`, `plugin_id`, `plugin_name`, `plugin_icon`, `last_modified`, `flag`, `scan_type`, `suggestion`, `xpack_tag`) VALUES ('14028662-049c-4183-88d6-0aeee8804732', 'AWS 存储桶全部开放访问检测', 1, 'CriticalRisk', '确保没有任何 S3 存储桶对所有人或任何 AWS 用户开放。存在视为”不合规“，否则视为”合规“。', 'policies:\n  #  确保没有任何 S3 存储桶对所有人或任何 AWS 用户开放。存在视为”不合规“，否则视为”合规“。\n  - name: aws-s3-bucket-public-access\n    resource: aws.s3\n    filters:\n    - or:\n      - type: global-grants\n      - type: has-statement\n        statements:\n          - Effect: Allow\n            Principal: \'*\'\n      - type: has-statement\n        statements:\n          - Effect: Allow\n            Principal: \n              aws:\'*\'', '[]', 'hummer-aws-plugin', 'Amazon Web Services', 'aws.png', concat(unix_timestamp(now()), '004'), 1, 'custodian', NULL, 0);
INSERT INTO `rule` (`id`, `name`, `status`, `severity`, `description`, `script`, `parameter`, `plugin_id`, `plugin_name`, `plugin_icon`, `last_modified`, `flag`, `scan_type`, `suggestion`, `xpack_tag`) VALUES ('383203ff-3728-4c92-9ab4-bc3360909971', 'AWS 存储桶启用对象版本控制检测', 1, 'MediumRisk', '检查 S3 存储桶是否启用了对象版本控制。开启视为”合规“，否则视为”不合规“。', 'policies:\n  #  检查 S3 存储桶是否启用了对象版本控制。开启视为”合规“，否则视为”不合规“。\n  - name: aws-s3-bucket-object-versioning\n    resource: aws.s3\n    filters:\n    - or:\n      - type: value\n        key: Versioning.Status\n        value: Suspended\n      - type: value\n        key: Versioning.Status\n        value: absent', '[]', 'hummer-aws-plugin', 'Amazon Web Services', 'aws.png', concat(unix_timestamp(now()), '004'), 1, 'custodian', NULL, 0);
INSERT INTO `rule` (`id`, `name`, `status`, `severity`, `description`, `script`, `parameter`, `plugin_id`, `plugin_name`, `plugin_icon`, `last_modified`, `flag`, `scan_type`, `suggestion`, `xpack_tag`) VALUES ('b404ec02-50fa-4e6b-8261-d605471a4ba4', 'AWS 存储桶级公共访问检测', 1, 'MediumRisk', '检查 S3 存储桶级公共访问。可以公共访问视为”不合规“，否则视为”合规“。', 'policies:\n  #  检查 S3 存储桶级公共访问。可以公共访问视为”不合规“，否则视为”合规“。\n  - name: aws-s3-bucket-level-public-access-block\n    resource: aws.s3\n    filters:\n    - or:\n      - type: check-public-block\n        BlockPublicAcls: false\n      - type: check-public-block\n        BlockPublicPolicy: false\n      - type: check-public-block\n        RestrictPublicBuckets: false', '[]', 'hummer-aws-plugin', 'Amazon Web Services', 'aws.png', concat(unix_timestamp(now()), '004'), 1, 'custodian', NULL, 0);
INSERT INTO `rule` (`id`, `name`, `status`, `severity`, `description`, `script`, `parameter`, `plugin_id`, `plugin_name`, `plugin_icon`, `last_modified`, `flag`, `scan_type`, `suggestion`, `xpack_tag`) VALUES ('c92f9994-178a-447d-9d9c-5fd9097c87ac', 'AWS EC2 AMI 公共检测', 1, 'MediumRisk', '确保没有 EC2 AMI 设置为公共。开启视为”合规“，否则视为”不合规“', 'policies:\n  #  确保没有 EC2 AMI 设置为公共。开启视为”合规“，否则视为”不合规“\n  - name: aws-EC2-ami-public\n    resource: aws.ami\n    filters:\n      - type: value\n        key: Public\n        value: false', '[]', 'hummer-aws-plugin', 'Amazon Web Services', 'aws.png', concat(unix_timestamp(now()), '004'), 1, 'custodian', NULL, 0);
INSERT INTO `rule` (`id`, `name`, `status`, `severity`, `description`, `script`, `parameter`, `plugin_id`, `plugin_name`, `plugin_icon`, `last_modified`, `flag`, `scan_type`, `suggestion`, `xpack_tag`) VALUES ('2d498283-e305-4b2f-8bba-c8e5cff2867b', 'AWS RDS快照公开检测', 1, 'CriticalRisk', '检查RDS快照快照是否公开。未公开视为”合规“，否则视为”不合规“。', 'policies:\n  #  检查RDS快照快照是否公开。未公开视为”合规“，否则视为”不合规“。\n  #  返回：返回客户端连接未加密的RDS实例。\n  - name: aws-rds-snapshots-public-access\n    resource: aws.rds\n    filters:\n      - type: cross-account\n        everyone_only: true', '[]', 'hummer-aws-plugin', 'Amazon Web Services', 'aws.png', concat(unix_timestamp(now()), '004'), 1, 'custodian', NULL, 0);
INSERT INTO `rule` (`id`, `name`, `status`, `severity`, `description`, `script`, `parameter`, `plugin_id`, `plugin_name`, `plugin_icon`, `last_modified`, `flag`, `scan_type`, `suggestion`, `xpack_tag`) VALUES ('88c09fc3-dc5e-4635-bd64-4ff6aa7293dd', 'AWS 过期RDS快照检测', 1, 'LowRisk', '检查存在超过了30天的RDS快照。快照存在超过30天视为”不合规“，否则视为”合规“。', 'policies:\n  #  检查存在超过了30天的RDS快照。快照存在超过30天视为”不合规“，否则视为”合规“。\n  #  返回：返回超过制定期限的RDS 快照。\n  - name: aws-rds-snapshots-expired\n    resource: aws.rds-snapshot\n    filters:\n      - type: age\n        days: 30\n        op: ge', '[]', 'hummer-aws-plugin', 'Amazon Web Services', 'aws.png', concat(unix_timestamp(now()), '004'), 1, 'custodian', NULL, 0);
INSERT INTO `rule` (`id`, `name`, `status`, `severity`, `description`, `script`, `parameter`, `plugin_id`, `plugin_name`, `plugin_icon`, `last_modified`, `flag`, `scan_type`, `suggestion`, `xpack_tag`) VALUES ('d0971565-854e-4d7a-a0cd-a77fde2a03e3', 'AWS RDS 孤儿快照检测', 1, 'LowRisk', '检测孤儿快照的存在，也就是没有关联RDS实例的 RDS 快照 ，存在RDS孤儿快照视为”不合规“，否则视为”合规“。', 'policies:\n  #  检测孤儿快照的存在，也就是没有关联RDS实例的 RDS 快照 ，存在RDS孤儿快照视为”不合规“，否则视为”合规“。\n  #  返回：返回全部没有关联RDS实例的RDS孤儿快照\n  - name: aws-rds-snapshot-orphan\n    resource: aws.rds-snapshot\n    filters:\n    - type: instance\n      value: 0\n      value_type: resource_count', '[]', 'hummer-aws-plugin', 'Amazon Web Services', 'aws.png', concat(unix_timestamp(now()), '004'), 1, 'custodian', NULL, 0);
INSERT INTO `rule` (`id`, `name`, `status`, `severity`, `description`, `script`, `parameter`, `plugin_id`, `plugin_name`, `plugin_icon`, `last_modified`, `flag`, `scan_type`, `suggestion`, `xpack_tag`) VALUES ('c544dadb-de3e-45d3-866c-5d2016010b36', 'AWS RDS客户端加密检测', 1, 'HighRisk', '检查 RDS 实例客户端连接是否已加密（Microsoft SQL Server 和 PostgreSQL）。加密视为”合规“，否则视为”不合规“。', 'policies:\n  #  检查 RDS 实例客户端连接是否已加密（Microsoft SQL Server 和 PostgreSQL）。加密视为”合规“，否则视为”不合规“。\n  #  返回：返回客户端连接未加密的RDS实例。\n  - name: aws-rds-instance-transport-encrypted\n    resource: aws.rds\n    filters:\n      - type: db-option-groups\n        key: Options[].OptionName\n        op: intersect\n        value:\n          - SSL\n          - NATIVE_NETWORK_ENCRYPTION', '[]', 'hummer-aws-plugin', 'Amazon Web Services', 'aws.png', concat(unix_timestamp(now()), '004'), 1, 'custodian', NULL, 0);
INSERT INTO `rule` (`id`, `name`, `status`, `severity`, `description`, `script`, `parameter`, `plugin_id`, `plugin_name`, `plugin_icon`, `last_modified`, `flag`, `scan_type`, `suggestion`, `xpack_tag`) VALUES ('a7b535d3-52a8-4050-8615-51e65563fd3d', 'AWS RDS 存储加密检测', 1, 'MediumRisk', '如果未启用，静态敏感信息将不受保护。', 'policies:\n  #  检查RDS实例存储是否加密。存储加密视为”合规“，否则视为”不合规“。\n  #  返回：返回为对存储加密的RDS实例。\n  - name: aws-rds-instance-storage-encrypted\n    resource: aws.rds\n    filters:\n      - type: value\n        key: StorageEncrypted\n        value: true\n        op: ne', '[]', 'hummer-aws-plugin', 'Amazon Web Services', 'aws.png', concat(unix_timestamp(now()), '004'), 1, 'custodian', NULL, 0);
INSERT INTO `rule` (`id`, `name`, `status`, `severity`, `description`, `script`, `parameter`, `plugin_id`, `plugin_name`, `plugin_icon`, `last_modified`, `flag`, `scan_type`, `suggestion`, `xpack_tag`) VALUES ('69ac4eb6-25c6-410d-ba1c-dac498b95f60', 'AWS 可公开访问RDS检测', 1, 'CriticalRisk', '可公开访问的数据库可能会将敏感数据暴露给不良行为者。', 'policies:\n  #  确保没有公共可访问的 RDS 实例。不能公开访问视为”合规“，否则视为”不合规“。\n  #  返回：返回可以公开访问的RDS实例。\n  - name: aws-rds-instance-no-public-access\n    resource: aws.rds\n    filters:\n      - PubliclyAccessible: true', '[]', 'hummer-aws-plugin', 'Amazon Web Services', 'aws.png', concat(unix_timestamp(now()), '004'), 1, 'custodian', NULL, 0);
INSERT INTO `rule` (`id`, `name`, `status`, `severity`, `description`, `script`, `parameter`, `plugin_id`, `plugin_name`, `plugin_icon`, `last_modified`, `flag`, `scan_type`, `suggestion`, `xpack_tag`) VALUES ('a0ac031b-1e8e-41e5-8416-fe8a0b449993', 'AWS RDS 开启多可用区', 1, 'MediumRisk', '如果发生故障，使用单可用区部署配置时，如果发生特定于可用区的数据库故障，Amazon RDS 无法自动故障转移到备用可用区。', 'policies:\n  # 检查RDS实例是否启用了多可用区。开启视为”合规“，否则视为”不合规“。\n  #  返回：返回没有开启的RDS实例。\n  - name: aws-rds-instance-multi-az\n    resource: aws.rds\n    filters:\n      - type: db-parameter\n        key: MultiAZ\n        value: false', '[]', 'hummer-aws-plugin', 'Amazon Web Services', 'aws.png', concat(unix_timestamp(now()), '004'), 1, 'custodian', NULL, 0);
INSERT INTO `rule` (`id`, `name`, `status`, `severity`, `description`, `script`, `parameter`, `plugin_id`, `plugin_name`, `plugin_icon`, `last_modified`, `flag`, `scan_type`, `suggestion`, `xpack_tag`) VALUES ('3084604a-acef-4da8-8c3f-4b3e63229456', 'AWS RDS 开启次要版本升级', 1, 'LowRisk', '确保 RDS 实例启用了次要版本升级。开启视为”合规“，否则视为”不合规“。', 'policies:\n  #  确保 RDS 实例启用了次要版本升级。开启视为”合规“，否则视为”不合规“。\n  #  返回：返回没有开启的RDS实例。\n  - name: aws-rds-instance-minor-version-upgrade-enabled\n    resource: aws.rds\n    filters:\n      - AutoMinorVersionUpgrade: false', '[]', 'hummer-aws-plugin', 'Amazon Web Services', 'aws.png', concat(unix_timestamp(now()), '004'), 1, 'custodian', NULL, 0);
INSERT INTO `rule` (`id`, `name`, `status`, `severity`, `description`, `script`, `parameter`, `plugin_id`, `plugin_name`, `plugin_icon`, `last_modified`, `flag`, `scan_type`, `suggestion`, `xpack_tag`) VALUES ('28619f85-9885-4d2b-897a-d22964b22b88', 'AWS RDS 与cloudwatch集成', 1, 'MediumRisk', '检查RDS实例是否与CloudWatch Logs集成。开启视为”合规“，否则视为”不合规“。', 'policies:\n  #  检查RDS实例是否与CloudWatch Logs集成。开启视为”合规“，否则视为”不合规“。\n  - name: aws-rds-instance-integration-cloudwatch-logs\n    resource: aws.rds\n    filters:\n      - type: db-parameter\n        key: EnabledCloudwatchLogsExports[]\n        value: not-null', '[]', 'hummer-aws-plugin', 'Amazon Web Services', 'aws.png', concat(unix_timestamp(now()), '004'), 1, 'custodian', NULL, 0);
INSERT INTO `rule` (`id`, `name`, `status`, `severity`, `description`, `script`, `parameter`, `plugin_id`, `plugin_name`, `plugin_icon`, `last_modified`, `flag`, `scan_type`, `suggestion`, `xpack_tag`) VALUES ('e2faa51d-af7c-4453-8cb4-30b58e9de23b', 'AWS RDS 开启增强监控检测', 1, 'LowRisk', '检查RDS实例是否启用了增强监控。开启视为”合规“，否则视为”不合规“。', 'policies:\n  #  检查RDS实例是否启用了增强监控。开启视为”合规“，否则视为”不合规“。\n  - name: aws-rds-instance-enhanced-monitoring-enabled\n    resource: aws.rds\n    filters:\n      - type: db-parameter\n        key: EnhancedMonitoringResourceArn\n        value: not-null', '[]', 'hummer-aws-plugin', 'Amazon Web Services', 'aws.png', concat(unix_timestamp(now()), '004'), 1, 'custodian', NULL, 0);
INSERT INTO `rule` (`id`, `name`, `status`, `severity`, `description`, `script`, `parameter`, `plugin_id`, `plugin_name`, `plugin_icon`, `last_modified`, `flag`, `scan_type`, `suggestion`, `xpack_tag`) VALUES ('fb1a0dc1-99a8-4b34-84f4-1df613c0fa0b', 'AWS RDS 引擎版本检测', 1, 'MediumRisk', '检查 RDS 是否使用 MariaDB、MySQL 和 PostgreSQL 支持的引擎版本。引擎版本不过期为”合规“，否则视为”不合规“。', 'policies:\n  #  检查 RDS 是否使用 MariaDB、MySQL 和 PostgreSQL 支持的引擎版本。引擎版本不过期为”合规“，否则视为”不合规“。\n  - name: aws-rds-instance-deprecated-engine-version\n    resource: aws.rds\n    filters:\n      - type: engine\n        key: Status\n        value: deprecated', '[]', 'hummer-aws-plugin', 'Amazon Web Services', 'aws.png', concat(unix_timestamp(now()), '004'), 1, 'custodian', NULL, 0);
INSERT INTO `rule` (`id`, `name`, `status`, `severity`, `description`, `script`, `parameter`, `plugin_id`, `plugin_name`, `plugin_icon`, `last_modified`, `flag`, `scan_type`, `suggestion`, `xpack_tag`) VALUES ('7b112945-0f71-4725-9e61-ebc37942817e', 'AWS RDS 开启删除保护检测', 1, 'MediumRisk', '检查RDS实例是否启用了删除保护。开启视为”合规“，否则视为”不合规“。', 'policies:\n  #  检查RDS实例是否启用了删除保护。开启视为”合规“，否则视为”不合规“。\n  - name: aws-rds-instance-backup-enabled\n    resource: aws.rds\n    filters:\n      - DeletionProtection: true', '[]', 'hummer-aws-plugin', 'Amazon Web Services', 'aws.png', concat(unix_timestamp(now()), '004'), 1, 'custodian', NULL, 0);
INSERT INTO `rule` (`id`, `name`, `status`, `severity`, `description`, `script`, `parameter`, `plugin_id`, `plugin_name`, `plugin_icon`, `last_modified`, `flag`, `scan_type`, `suggestion`, `xpack_tag`) VALUES ('162e07f0-e468-4b4f-a023-36029d4a530e', 'AWS RDS 开启备份检测', 1, 'MediumRisk', '检查RDS实例是否启用了备份。开启视为”合规“，否则视为”不合规“。', 'policies:\n  #  检查RDS实例是否启用了备份。开启视为”合规“，否则视为”不合规“。\n  - name: aws-rds-instance-backup-enabled\n    resource: aws.rds\n    filters:\n      - not:\n        - type: value\n          key: BackupRetentionPeriod\n          value: 0\n          op: lt', '[]', 'hummer-aws-plugin', 'Amazon Web Services', 'aws.png', concat(unix_timestamp(now()), '004'), 1, 'custodian', NULL, 0);
INSERT INTO `rule` (`id`, `name`, `status`, `severity`, `description`, `script`, `parameter`, `plugin_id`, `plugin_name`, `plugin_icon`, `last_modified`, `flag`, `scan_type`, `suggestion`, `xpack_tag`) VALUES ('5d4aa27e-bead-4da0-9878-b8694d957518', 'AWS 存储桶有安全传输策略', 1, 'MediumRisk', '检查 S3 存储桶是否具有安全传输策略。有的话视为”合规“，否则视为”不合规“。', 'policies:\n  #  检查 S3 存储桶是否具有安全传输策略。有的话视为”合规“，否则视为”不合规“。\n  #  返回：返回 没有安全传输策略的 S3 存储桶。\n  - name: aws-s3-bucket-public-write-acl\n    resource: aws.s3\n    filters:\n    - or:\n      - type: missing-statement\n        statement_ids:\n          - RequiredEncryptedPutObject\n      - type: has-statement\n        statements:\n          - Effect: \"Deny\"\n            Action: \"s3:PutObject\"\n            Principal:\n              AWS: \"*\"\n            Condition:\n              Bool:\n                \"aws:SecureTransport\": false', '[]', 'hummer-aws-plugin', 'Amazon Web Services', 'aws.png', concat(unix_timestamp(now()), '004'), 1, 'custodian', NULL, 0);
INSERT INTO `rule` (`id`, `name`, `status`, `severity`, `description`, `script`, `parameter`, `plugin_id`, `plugin_name`, `plugin_icon`, `last_modified`, `flag`, `scan_type`, `suggestion`, `xpack_tag`) VALUES ('904dcef3-fae3-423b-b5ed-98bb41711b1a', 'AWS 存储桶是否启用了默认加密检测', 1, 'MediumRisk', '检查S3 bucket 是否开启了默认加密。开启视为”合规“，否则视为”不合规“。', 'policies:\n  #  检查S3 bucket 是否开启了默认加密。开启视为”合规“，否则视为”不合规“。\n  - name: aws-s3-bucket-default-encryption\n    resource: aws.s3\n    filters:\n      - type: bucket-encryption\n        state: False', '[]', 'hummer-aws-plugin', 'Amazon Web Services', 'aws.png', concat(unix_timestamp(now()), '004'), 1, 'custodian', NULL, 0);
INSERT INTO `rule` (`id`, `name`, `status`, `severity`, `description`, `script`, `parameter`, `plugin_id`, `plugin_name`, `plugin_icon`, `last_modified`, `flag`, `scan_type`, `suggestion`, `xpack_tag`) VALUES ('3ed456fe-9094-450e-8948-a0505b928760', 'AWS EBS 默认加密检测', 1, 'MediumRisk', '检查 EBS 默认加密是否已激活，开启视为”合规“，否则视为”不合规“', 'policies:\n  #  检查 EBS 默认加密是否已激活，开启视为”合规“，否则视为”不合规“\n  - name: aws-EC2-ebs-default-encryption\n    resource: aws.account\n    filters:\n    - type: default-ebs-encryption\n      state: false', '[]', 'hummer-aws-plugin', 'Amazon Web Services', 'aws.png', concat(unix_timestamp(now()), '004'), 1, 'custodian', NULL, 0);

INSERT INTO `rule_group_mapping` (`rule_id`, `group_id`) VALUES ('63991ede-eb65-45ee-8ed4-683ec1233ea0', '10');
INSERT INTO `rule_group_mapping` (`rule_id`, `group_id`) VALUES ('63991ede-eb65-45ee-8ed4-683ec1233ea0', '98');
INSERT INTO `rule_group_mapping` (`rule_id`, `group_id`) VALUES ('63991ede-eb65-45ee-8ed4-683ec1233ea0', '11');
INSERT INTO `rule_group_mapping` (`rule_id`, `group_id`) VALUES ('2ec8bf6d-49e2-4751-9a67-39b17522529f', '10');
INSERT INTO `rule_group_mapping` (`rule_id`, `group_id`) VALUES ('2ec8bf6d-49e2-4751-9a67-39b17522529f', '98');
INSERT INTO `rule_group_mapping` (`rule_id`, `group_id`) VALUES ('2ec8bf6d-49e2-4751-9a67-39b17522529f', '11');
INSERT INTO `rule_group_mapping` (`rule_id`, `group_id`) VALUES ('2eb58a78-2b48-43c1-85cc-a42d6240bec9', '10');
INSERT INTO `rule_group_mapping` (`rule_id`, `group_id`) VALUES ('2eb58a78-2b48-43c1-85cc-a42d6240bec9', '98');
INSERT INTO `rule_group_mapping` (`rule_id`, `group_id`) VALUES ('2eb58a78-2b48-43c1-85cc-a42d6240bec9', '11');
INSERT INTO `rule_group_mapping` (`rule_id`, `group_id`) VALUES ('a787ffbc-6d7e-4546-b9bb-850eeadd363a', '10');
INSERT INTO `rule_group_mapping` (`rule_id`, `group_id`) VALUES ('a787ffbc-6d7e-4546-b9bb-850eeadd363a', '98');
INSERT INTO `rule_group_mapping` (`rule_id`, `group_id`) VALUES ('a787ffbc-6d7e-4546-b9bb-850eeadd363a', '11');
INSERT INTO `rule_group_mapping` (`rule_id`, `group_id`) VALUES ('cadef8ae-66d9-4716-9c76-7c7c057b4b0b', '10');
INSERT INTO `rule_group_mapping` (`rule_id`, `group_id`) VALUES ('cadef8ae-66d9-4716-9c76-7c7c057b4b0b', '98');
INSERT INTO `rule_group_mapping` (`rule_id`, `group_id`) VALUES ('cadef8ae-66d9-4716-9c76-7c7c057b4b0b', '11');
INSERT INTO `rule_group_mapping` (`rule_id`, `group_id`) VALUES ('f23b5622-4ba8-4db1-8605-e0c8c654a521', '10');
INSERT INTO `rule_group_mapping` (`rule_id`, `group_id`) VALUES ('f23b5622-4ba8-4db1-8605-e0c8c654a521', '98');
INSERT INTO `rule_group_mapping` (`rule_id`, `group_id`) VALUES ('f23b5622-4ba8-4db1-8605-e0c8c654a521', '11');
INSERT INTO `rule_group_mapping` (`rule_id`, `group_id`) VALUES ('366da429-3975-4323-b499-88d24bb75bd4', '10');
INSERT INTO `rule_group_mapping` (`rule_id`, `group_id`) VALUES ('366da429-3975-4323-b499-88d24bb75bd4', '98');
INSERT INTO `rule_group_mapping` (`rule_id`, `group_id`) VALUES ('366da429-3975-4323-b499-88d24bb75bd4', '11');
INSERT INTO `rule_group_mapping` (`rule_id`, `group_id`) VALUES ('a31dca86-efce-4e42-ae31-25ae42570d72', '10');
INSERT INTO `rule_group_mapping` (`rule_id`, `group_id`) VALUES ('a31dca86-efce-4e42-ae31-25ae42570d72', '98');
INSERT INTO `rule_group_mapping` (`rule_id`, `group_id`) VALUES ('a31dca86-efce-4e42-ae31-25ae42570d72', '11');
INSERT INTO `rule_group_mapping` (`rule_id`, `group_id`) VALUES ('4ef097ba-825d-4a60-87a3-d5313960c6db', '10');
INSERT INTO `rule_group_mapping` (`rule_id`, `group_id`) VALUES ('4ef097ba-825d-4a60-87a3-d5313960c6db', '98');
INSERT INTO `rule_group_mapping` (`rule_id`, `group_id`) VALUES ('4ef097ba-825d-4a60-87a3-d5313960c6db', '11');
INSERT INTO `rule_group_mapping` (`rule_id`, `group_id`) VALUES ('7c3d1a1f-eaab-4937-9a30-1c53ab2c865a', '10');
INSERT INTO `rule_group_mapping` (`rule_id`, `group_id`) VALUES ('7c3d1a1f-eaab-4937-9a30-1c53ab2c865a', '98');
INSERT INTO `rule_group_mapping` (`rule_id`, `group_id`) VALUES ('7c3d1a1f-eaab-4937-9a30-1c53ab2c865a', '11');
INSERT INTO `rule_group_mapping` (`rule_id`, `group_id`) VALUES ('3304336b-6bce-411a-9c32-a9bb4993ea7f', '10');
INSERT INTO `rule_group_mapping` (`rule_id`, `group_id`) VALUES ('3304336b-6bce-411a-9c32-a9bb4993ea7f', '98');
INSERT INTO `rule_group_mapping` (`rule_id`, `group_id`) VALUES ('3304336b-6bce-411a-9c32-a9bb4993ea7f', '11');
INSERT INTO `rule_group_mapping` (`rule_id`, `group_id`) VALUES ('7782b78c-def7-4265-abb2-43624d31a0d3', '10');
INSERT INTO `rule_group_mapping` (`rule_id`, `group_id`) VALUES ('7782b78c-def7-4265-abb2-43624d31a0d3', '98');
INSERT INTO `rule_group_mapping` (`rule_id`, `group_id`) VALUES ('7782b78c-def7-4265-abb2-43624d31a0d3', '11');
INSERT INTO `rule_group_mapping` (`rule_id`, `group_id`) VALUES ('3a21ffd1-bce4-40de-a939-27d942dc837f', '10');
INSERT INTO `rule_group_mapping` (`rule_id`, `group_id`) VALUES ('3a21ffd1-bce4-40de-a939-27d942dc837f', '98');
INSERT INTO `rule_group_mapping` (`rule_id`, `group_id`) VALUES ('3a21ffd1-bce4-40de-a939-27d942dc837f', '11');
INSERT INTO `rule_group_mapping` (`rule_id`, `group_id`) VALUES ('90b44294-a47f-43bc-901f-8649a9db6e89', '10');
INSERT INTO `rule_group_mapping` (`rule_id`, `group_id`) VALUES ('90b44294-a47f-43bc-901f-8649a9db6e89', '98');
INSERT INTO `rule_group_mapping` (`rule_id`, `group_id`) VALUES ('90b44294-a47f-43bc-901f-8649a9db6e89', '11');
INSERT INTO `rule_group_mapping` (`rule_id`, `group_id`) VALUES ('73cc9b5d-a891-40b3-bcbb-faf07e4229ed', '10');
INSERT INTO `rule_group_mapping` (`rule_id`, `group_id`) VALUES ('73cc9b5d-a891-40b3-bcbb-faf07e4229ed', '98');
INSERT INTO `rule_group_mapping` (`rule_id`, `group_id`) VALUES ('73cc9b5d-a891-40b3-bcbb-faf07e4229ed', '11');
INSERT INTO `rule_group_mapping` (`rule_id`, `group_id`) VALUES ('ce9b31e8-9e81-4321-9e8f-97169432083f', '10');
INSERT INTO `rule_group_mapping` (`rule_id`, `group_id`) VALUES ('ce9b31e8-9e81-4321-9e8f-97169432083f', '98');
INSERT INTO `rule_group_mapping` (`rule_id`, `group_id`) VALUES ('ce9b31e8-9e81-4321-9e8f-97169432083f', '11');
INSERT INTO `rule_group_mapping` (`rule_id`, `group_id`) VALUES ('c1f26a59-606e-4bad-a4b2-e595ec95bd0c', '10');
INSERT INTO `rule_group_mapping` (`rule_id`, `group_id`) VALUES ('c1f26a59-606e-4bad-a4b2-e595ec95bd0c', '98');
INSERT INTO `rule_group_mapping` (`rule_id`, `group_id`) VALUES ('c1f26a59-606e-4bad-a4b2-e595ec95bd0c', '11');
INSERT INTO `rule_group_mapping` (`rule_id`, `group_id`) VALUES ('0b2dd583-c6dc-4417-8334-9cda0b69d326', '10');
INSERT INTO `rule_group_mapping` (`rule_id`, `group_id`) VALUES ('0b2dd583-c6dc-4417-8334-9cda0b69d326', '98');
INSERT INTO `rule_group_mapping` (`rule_id`, `group_id`) VALUES ('0b2dd583-c6dc-4417-8334-9cda0b69d326', '11');
INSERT INTO `rule_group_mapping` (`rule_id`, `group_id`) VALUES ('0e991cfd-dbd6-4085-b10a-1219a681e775', '10');
INSERT INTO `rule_group_mapping` (`rule_id`, `group_id`) VALUES ('0e991cfd-dbd6-4085-b10a-1219a681e775', '98');
INSERT INTO `rule_group_mapping` (`rule_id`, `group_id`) VALUES ('0e991cfd-dbd6-4085-b10a-1219a681e775', '11');
INSERT INTO `rule_group_mapping` (`rule_id`, `group_id`) VALUES ('473a5d13-9987-4d34-8adb-2e869d7bb7ad', '10');
INSERT INTO `rule_group_mapping` (`rule_id`, `group_id`) VALUES ('473a5d13-9987-4d34-8adb-2e869d7bb7ad', '98');
INSERT INTO `rule_group_mapping` (`rule_id`, `group_id`) VALUES ('473a5d13-9987-4d34-8adb-2e869d7bb7ad', '11');
INSERT INTO `rule_group_mapping` (`rule_id`, `group_id`) VALUES ('8b423c17-6f93-4c0e-a65f-23f1d7958095', '10');
INSERT INTO `rule_group_mapping` (`rule_id`, `group_id`) VALUES ('8b423c17-6f93-4c0e-a65f-23f1d7958095', '98');
INSERT INTO `rule_group_mapping` (`rule_id`, `group_id`) VALUES ('8b423c17-6f93-4c0e-a65f-23f1d7958095', '11');
INSERT INTO `rule_group_mapping` (`rule_id`, `group_id`) VALUES ('a7716e26-eb79-4199-b349-4e7ca2f29ad7', '10');
INSERT INTO `rule_group_mapping` (`rule_id`, `group_id`) VALUES ('a7716e26-eb79-4199-b349-4e7ca2f29ad7', '98');
INSERT INTO `rule_group_mapping` (`rule_id`, `group_id`) VALUES ('a7716e26-eb79-4199-b349-4e7ca2f29ad7', '11');
INSERT INTO `rule_group_mapping` (`rule_id`, `group_id`) VALUES ('fe89c593-342e-4640-b358-6b661323641f', '10');
INSERT INTO `rule_group_mapping` (`rule_id`, `group_id`) VALUES ('fe89c593-342e-4640-b358-6b661323641f', '98');
INSERT INTO `rule_group_mapping` (`rule_id`, `group_id`) VALUES ('fe89c593-342e-4640-b358-6b661323641f', '11');
INSERT INTO `rule_group_mapping` (`rule_id`, `group_id`) VALUES ('a1dfd261-0746-4969-be62-4b07755dcc07', '10');
INSERT INTO `rule_group_mapping` (`rule_id`, `group_id`) VALUES ('a1dfd261-0746-4969-be62-4b07755dcc07', '98');
INSERT INTO `rule_group_mapping` (`rule_id`, `group_id`) VALUES ('a1dfd261-0746-4969-be62-4b07755dcc07', '11');
INSERT INTO `rule_group_mapping` (`rule_id`, `group_id`) VALUES ('231fb1cb-e673-4cdc-8dd9-dc921a9c8848', '10');
INSERT INTO `rule_group_mapping` (`rule_id`, `group_id`) VALUES ('231fb1cb-e673-4cdc-8dd9-dc921a9c8848', '98');
INSERT INTO `rule_group_mapping` (`rule_id`, `group_id`) VALUES ('231fb1cb-e673-4cdc-8dd9-dc921a9c8848', '11');
INSERT INTO `rule_group_mapping` (`rule_id`, `group_id`) VALUES ('e3a13f7e-0b1b-4ba7-8a4b-48a78bf45a33', '10');
INSERT INTO `rule_group_mapping` (`rule_id`, `group_id`) VALUES ('e3a13f7e-0b1b-4ba7-8a4b-48a78bf45a33', '98');
INSERT INTO `rule_group_mapping` (`rule_id`, `group_id`) VALUES ('e3a13f7e-0b1b-4ba7-8a4b-48a78bf45a33', '11');
INSERT INTO `rule_group_mapping` (`rule_id`, `group_id`) VALUES ('a1210f8c-cceb-4df3-85b6-1a3861ccfc10', '10');
INSERT INTO `rule_group_mapping` (`rule_id`, `group_id`) VALUES ('a1210f8c-cceb-4df3-85b6-1a3861ccfc10', '98');
INSERT INTO `rule_group_mapping` (`rule_id`, `group_id`) VALUES ('a1210f8c-cceb-4df3-85b6-1a3861ccfc10', '11');
INSERT INTO `rule_group_mapping` (`rule_id`, `group_id`) VALUES ('b15eb1e3-b942-431d-87a2-65244ce09467', '10');
INSERT INTO `rule_group_mapping` (`rule_id`, `group_id`) VALUES ('b15eb1e3-b942-431d-87a2-65244ce09467', '98');
INSERT INTO `rule_group_mapping` (`rule_id`, `group_id`) VALUES ('b15eb1e3-b942-431d-87a2-65244ce09467', '11');
INSERT INTO `rule_group_mapping` (`rule_id`, `group_id`) VALUES ('997bd258-d3a6-489e-9b26-cadc8da6994f', '10');
INSERT INTO `rule_group_mapping` (`rule_id`, `group_id`) VALUES ('997bd258-d3a6-489e-9b26-cadc8da6994f', '98');
INSERT INTO `rule_group_mapping` (`rule_id`, `group_id`) VALUES ('997bd258-d3a6-489e-9b26-cadc8da6994f', '11');
INSERT INTO `rule_group_mapping` (`rule_id`, `group_id`) VALUES ('cdf79ce4-7f7e-48d2-97df-f426d014a947', '10');
INSERT INTO `rule_group_mapping` (`rule_id`, `group_id`) VALUES ('cdf79ce4-7f7e-48d2-97df-f426d014a947', '98');
INSERT INTO `rule_group_mapping` (`rule_id`, `group_id`) VALUES ('cdf79ce4-7f7e-48d2-97df-f426d014a947', '11');
INSERT INTO `rule_group_mapping` (`rule_id`, `group_id`) VALUES ('46e75d3d-dda0-42c4-9a8f-af7f80b358d4', '10');
INSERT INTO `rule_group_mapping` (`rule_id`, `group_id`) VALUES ('46e75d3d-dda0-42c4-9a8f-af7f80b358d4', '98');
INSERT INTO `rule_group_mapping` (`rule_id`, `group_id`) VALUES ('46e75d3d-dda0-42c4-9a8f-af7f80b358d4', '11');
INSERT INTO `rule_group_mapping` (`rule_id`, `group_id`) VALUES ('343c9d85-46a9-40e3-8323-834bb8c739d1', '10');
INSERT INTO `rule_group_mapping` (`rule_id`, `group_id`) VALUES ('343c9d85-46a9-40e3-8323-834bb8c739d1', '98');
INSERT INTO `rule_group_mapping` (`rule_id`, `group_id`) VALUES ('343c9d85-46a9-40e3-8323-834bb8c739d1', '11');
INSERT INTO `rule_group_mapping` (`rule_id`, `group_id`) VALUES ('9ad2ea76-c8e6-4278-b6c1-60d78e80ddc7', '10');
INSERT INTO `rule_group_mapping` (`rule_id`, `group_id`) VALUES ('9ad2ea76-c8e6-4278-b6c1-60d78e80ddc7', '98');
INSERT INTO `rule_group_mapping` (`rule_id`, `group_id`) VALUES ('9ad2ea76-c8e6-4278-b6c1-60d78e80ddc7', '11');
INSERT INTO `rule_group_mapping` (`rule_id`, `group_id`) VALUES ('7c7b9048-b3f3-4fef-a05d-a83a5641fd61', '10');
INSERT INTO `rule_group_mapping` (`rule_id`, `group_id`) VALUES ('7c7b9048-b3f3-4fef-a05d-a83a5641fd61', '98');
INSERT INTO `rule_group_mapping` (`rule_id`, `group_id`) VALUES ('7c7b9048-b3f3-4fef-a05d-a83a5641fd61', '11');
INSERT INTO `rule_group_mapping` (`rule_id`, `group_id`) VALUES ('4609edb3-e046-49b4-a400-265e43e68a11', '10');
INSERT INTO `rule_group_mapping` (`rule_id`, `group_id`) VALUES ('4609edb3-e046-49b4-a400-265e43e68a11', '98');
INSERT INTO `rule_group_mapping` (`rule_id`, `group_id`) VALUES ('4609edb3-e046-49b4-a400-265e43e68a11', '11');
INSERT INTO `rule_group_mapping` (`rule_id`, `group_id`) VALUES ('3dd12289-09b4-4ba3-ad2e-842f444cc7e4', '10');
INSERT INTO `rule_group_mapping` (`rule_id`, `group_id`) VALUES ('3dd12289-09b4-4ba3-ad2e-842f444cc7e4', '98');
INSERT INTO `rule_group_mapping` (`rule_id`, `group_id`) VALUES ('3dd12289-09b4-4ba3-ad2e-842f444cc7e4', '11');
INSERT INTO `rule_group_mapping` (`rule_id`, `group_id`) VALUES ('14faa3b9-0776-44dd-9a71-1d300106e044', '10');
INSERT INTO `rule_group_mapping` (`rule_id`, `group_id`) VALUES ('14faa3b9-0776-44dd-9a71-1d300106e044', '98');
INSERT INTO `rule_group_mapping` (`rule_id`, `group_id`) VALUES ('14faa3b9-0776-44dd-9a71-1d300106e044', '11');
INSERT INTO `rule_group_mapping` (`rule_id`, `group_id`) VALUES ('2a3f8d14-094f-47b5-8cb4-d4e7314766ad', '10');
INSERT INTO `rule_group_mapping` (`rule_id`, `group_id`) VALUES ('2a3f8d14-094f-47b5-8cb4-d4e7314766ad', '98');
INSERT INTO `rule_group_mapping` (`rule_id`, `group_id`) VALUES ('2a3f8d14-094f-47b5-8cb4-d4e7314766ad', '11');
INSERT INTO `rule_group_mapping` (`rule_id`, `group_id`) VALUES ('12a15ace-add9-40e6-9bd4-74e102fd3298', '10');
INSERT INTO `rule_group_mapping` (`rule_id`, `group_id`) VALUES ('12a15ace-add9-40e6-9bd4-74e102fd3298', '98');
INSERT INTO `rule_group_mapping` (`rule_id`, `group_id`) VALUES ('12a15ace-add9-40e6-9bd4-74e102fd3298', '11');
INSERT INTO `rule_group_mapping` (`rule_id`, `group_id`) VALUES ('b9d90595-cce7-48df-a276-7a0bd2d00402', '10');
INSERT INTO `rule_group_mapping` (`rule_id`, `group_id`) VALUES ('b9d90595-cce7-48df-a276-7a0bd2d00402', '98');
INSERT INTO `rule_group_mapping` (`rule_id`, `group_id`) VALUES ('b9d90595-cce7-48df-a276-7a0bd2d00402', '11');
INSERT INTO `rule_group_mapping` (`rule_id`, `group_id`) VALUES ('5756a0ca-b7d3-40fd-a579-61465f6908fe', '10');
INSERT INTO `rule_group_mapping` (`rule_id`, `group_id`) VALUES ('5756a0ca-b7d3-40fd-a579-61465f6908fe', '98');
INSERT INTO `rule_group_mapping` (`rule_id`, `group_id`) VALUES ('5756a0ca-b7d3-40fd-a579-61465f6908fe', '11');
INSERT INTO `rule_group_mapping` (`rule_id`, `group_id`) VALUES ('cf35a107-36d1-47d0-93eb-7293792864b7', '10');
INSERT INTO `rule_group_mapping` (`rule_id`, `group_id`) VALUES ('cf35a107-36d1-47d0-93eb-7293792864b7', '98');
INSERT INTO `rule_group_mapping` (`rule_id`, `group_id`) VALUES ('cf35a107-36d1-47d0-93eb-7293792864b7', '11');
INSERT INTO `rule_group_mapping` (`rule_id`, `group_id`) VALUES ('d66f6e10-a73a-4b3c-9b16-cb96ce6c2f67', '10');
INSERT INTO `rule_group_mapping` (`rule_id`, `group_id`) VALUES ('d66f6e10-a73a-4b3c-9b16-cb96ce6c2f67', '98');
INSERT INTO `rule_group_mapping` (`rule_id`, `group_id`) VALUES ('d66f6e10-a73a-4b3c-9b16-cb96ce6c2f67', '11');
INSERT INTO `rule_group_mapping` (`rule_id`, `group_id`) VALUES ('18a98faf-cdba-44e2-8cf2-1fdd91dab1b0', '10');
INSERT INTO `rule_group_mapping` (`rule_id`, `group_id`) VALUES ('18a98faf-cdba-44e2-8cf2-1fdd91dab1b0', '98');
INSERT INTO `rule_group_mapping` (`rule_id`, `group_id`) VALUES ('18a98faf-cdba-44e2-8cf2-1fdd91dab1b0', '11');
INSERT INTO `rule_group_mapping` (`rule_id`, `group_id`) VALUES ('b409cc30-5ce4-4a71-98d4-053bdc9c0d3f', '10');
INSERT INTO `rule_group_mapping` (`rule_id`, `group_id`) VALUES ('b409cc30-5ce4-4a71-98d4-053bdc9c0d3f', '98');
INSERT INTO `rule_group_mapping` (`rule_id`, `group_id`) VALUES ('b409cc30-5ce4-4a71-98d4-053bdc9c0d3f', '11');
INSERT INTO `rule_group_mapping` (`rule_id`, `group_id`) VALUES ('e1d10566-0d78-4360-b9aa-1fc2cf95bc88', '10');
INSERT INTO `rule_group_mapping` (`rule_id`, `group_id`) VALUES ('e1d10566-0d78-4360-b9aa-1fc2cf95bc88', '98');
INSERT INTO `rule_group_mapping` (`rule_id`, `group_id`) VALUES ('e1d10566-0d78-4360-b9aa-1fc2cf95bc88', '11');
INSERT INTO `rule_group_mapping` (`rule_id`, `group_id`) VALUES ('4e1d277a-e103-4314-ba80-f95b4402a4b1', '10');
INSERT INTO `rule_group_mapping` (`rule_id`, `group_id`) VALUES ('4e1d277a-e103-4314-ba80-f95b4402a4b1', '98');
INSERT INTO `rule_group_mapping` (`rule_id`, `group_id`) VALUES ('4e1d277a-e103-4314-ba80-f95b4402a4b1', '11');
INSERT INTO `rule_group_mapping` (`rule_id`, `group_id`) VALUES ('c836a059-26a2-44fe-9626-3b4468e244e5', '10');
INSERT INTO `rule_group_mapping` (`rule_id`, `group_id`) VALUES ('c836a059-26a2-44fe-9626-3b4468e244e5', '98');
INSERT INTO `rule_group_mapping` (`rule_id`, `group_id`) VALUES ('c836a059-26a2-44fe-9626-3b4468e244e5', '11');
INSERT INTO `rule_group_mapping` (`rule_id`, `group_id`) VALUES ('2f9c1e21-9005-4b64-9e6e-2645dc8ce2d4', '10');
INSERT INTO `rule_group_mapping` (`rule_id`, `group_id`) VALUES ('2f9c1e21-9005-4b64-9e6e-2645dc8ce2d4', '98');
INSERT INTO `rule_group_mapping` (`rule_id`, `group_id`) VALUES ('2f9c1e21-9005-4b64-9e6e-2645dc8ce2d4', '11');
INSERT INTO `rule_group_mapping` (`rule_id`, `group_id`) VALUES ('fe6b8f9b-5011-4253-b28e-532730b1d6d0', '10');
INSERT INTO `rule_group_mapping` (`rule_id`, `group_id`) VALUES ('fe6b8f9b-5011-4253-b28e-532730b1d6d0', '98');
INSERT INTO `rule_group_mapping` (`rule_id`, `group_id`) VALUES ('fe6b8f9b-5011-4253-b28e-532730b1d6d0', '11');
INSERT INTO `rule_group_mapping` (`rule_id`, `group_id`) VALUES ('165dadc5-1904-4585-b13b-638beb542c3f', '10');
INSERT INTO `rule_group_mapping` (`rule_id`, `group_id`) VALUES ('165dadc5-1904-4585-b13b-638beb542c3f', '98');
INSERT INTO `rule_group_mapping` (`rule_id`, `group_id`) VALUES ('165dadc5-1904-4585-b13b-638beb542c3f', '11');
INSERT INTO `rule_group_mapping` (`rule_id`, `group_id`) VALUES ('fa61fc2a-5a7d-4915-8302-c5d435b3a69e', '10');
INSERT INTO `rule_group_mapping` (`rule_id`, `group_id`) VALUES ('fa61fc2a-5a7d-4915-8302-c5d435b3a69e', '98');
INSERT INTO `rule_group_mapping` (`rule_id`, `group_id`) VALUES ('fa61fc2a-5a7d-4915-8302-c5d435b3a69e', '11');
INSERT INTO `rule_group_mapping` (`rule_id`, `group_id`) VALUES ('30a125e3-3e3b-4800-bc59-caca5113e9df', '10');
INSERT INTO `rule_group_mapping` (`rule_id`, `group_id`) VALUES ('30a125e3-3e3b-4800-bc59-caca5113e9df', '98');
INSERT INTO `rule_group_mapping` (`rule_id`, `group_id`) VALUES ('30a125e3-3e3b-4800-bc59-caca5113e9df', '11');
INSERT INTO `rule_group_mapping` (`rule_id`, `group_id`) VALUES ('3a149e43-6c79-4632-b7bc-e4f0c693e7a8', '10');
INSERT INTO `rule_group_mapping` (`rule_id`, `group_id`) VALUES ('3a149e43-6c79-4632-b7bc-e4f0c693e7a8', '98');
INSERT INTO `rule_group_mapping` (`rule_id`, `group_id`) VALUES ('3a149e43-6c79-4632-b7bc-e4f0c693e7a8', '11');
INSERT INTO `rule_group_mapping` (`rule_id`, `group_id`) VALUES ('491c7d82-c4c7-4fc6-9c88-5599828a6df4', '10');
INSERT INTO `rule_group_mapping` (`rule_id`, `group_id`) VALUES ('491c7d82-c4c7-4fc6-9c88-5599828a6df4', '98');
INSERT INTO `rule_group_mapping` (`rule_id`, `group_id`) VALUES ('491c7d82-c4c7-4fc6-9c88-5599828a6df4', '11');
INSERT INTO `rule_group_mapping` (`rule_id`, `group_id`) VALUES ('39a89ee8-8c86-4a48-9fe1-8cceaed13a9a', '10');
INSERT INTO `rule_group_mapping` (`rule_id`, `group_id`) VALUES ('39a89ee8-8c86-4a48-9fe1-8cceaed13a9a', '98');
INSERT INTO `rule_group_mapping` (`rule_id`, `group_id`) VALUES ('39a89ee8-8c86-4a48-9fe1-8cceaed13a9a', '11');
INSERT INTO `rule_group_mapping` (`rule_id`, `group_id`) VALUES ('682fb9fe-9761-44ef-b333-9fcbeeeb4c82', '10');
INSERT INTO `rule_group_mapping` (`rule_id`, `group_id`) VALUES ('682fb9fe-9761-44ef-b333-9fcbeeeb4c82', '98');
INSERT INTO `rule_group_mapping` (`rule_id`, `group_id`) VALUES ('682fb9fe-9761-44ef-b333-9fcbeeeb4c82', '11');
INSERT INTO `rule_group_mapping` (`rule_id`, `group_id`) VALUES ('a7faed4a-73ed-4ece-96f7-2ea9148da54d', '10');
INSERT INTO `rule_group_mapping` (`rule_id`, `group_id`) VALUES ('a7faed4a-73ed-4ece-96f7-2ea9148da54d', '98');
INSERT INTO `rule_group_mapping` (`rule_id`, `group_id`) VALUES ('a7faed4a-73ed-4ece-96f7-2ea9148da54d', '11');
INSERT INTO `rule_group_mapping` (`rule_id`, `group_id`) VALUES ('ff29908d-8fa9-4912-904a-84acd5f91315', '10');
INSERT INTO `rule_group_mapping` (`rule_id`, `group_id`) VALUES ('ff29908d-8fa9-4912-904a-84acd5f91315', '98');
INSERT INTO `rule_group_mapping` (`rule_id`, `group_id`) VALUES ('ff29908d-8fa9-4912-904a-84acd5f91315', '11');
INSERT INTO `rule_group_mapping` (`rule_id`, `group_id`) VALUES ('bee3b406-b56e-4fc9-ad32-76399005140d', '10');
INSERT INTO `rule_group_mapping` (`rule_id`, `group_id`) VALUES ('bee3b406-b56e-4fc9-ad32-76399005140d', '98');
INSERT INTO `rule_group_mapping` (`rule_id`, `group_id`) VALUES ('bee3b406-b56e-4fc9-ad32-76399005140d', '11');
INSERT INTO `rule_group_mapping` (`rule_id`, `group_id`) VALUES ('3f4e02e8-5a96-48be-be7a-a21c42a5dc86', '10');
INSERT INTO `rule_group_mapping` (`rule_id`, `group_id`) VALUES ('3f4e02e8-5a96-48be-be7a-a21c42a5dc86', '98');
INSERT INTO `rule_group_mapping` (`rule_id`, `group_id`) VALUES ('3f4e02e8-5a96-48be-be7a-a21c42a5dc86', '11');
INSERT INTO `rule_group_mapping` (`rule_id`, `group_id`) VALUES ('38f01101-b3a5-4f7b-b7c5-268960373a18', '10');
INSERT INTO `rule_group_mapping` (`rule_id`, `group_id`) VALUES ('38f01101-b3a5-4f7b-b7c5-268960373a18', '98');
INSERT INTO `rule_group_mapping` (`rule_id`, `group_id`) VALUES ('38f01101-b3a5-4f7b-b7c5-268960373a18', '11');
INSERT INTO `rule_group_mapping` (`rule_id`, `group_id`) VALUES ('57d129d8-6863-47c7-b2d3-fc195a109365', '10');
INSERT INTO `rule_group_mapping` (`rule_id`, `group_id`) VALUES ('57d129d8-6863-47c7-b2d3-fc195a109365', '98');
INSERT INTO `rule_group_mapping` (`rule_id`, `group_id`) VALUES ('57d129d8-6863-47c7-b2d3-fc195a109365', '11');
INSERT INTO `rule_group_mapping` (`rule_id`, `group_id`) VALUES ('11dc007c-0d05-4856-bd3b-3a941d114d2e', '10');
INSERT INTO `rule_group_mapping` (`rule_id`, `group_id`) VALUES ('11dc007c-0d05-4856-bd3b-3a941d114d2e', '98');
INSERT INTO `rule_group_mapping` (`rule_id`, `group_id`) VALUES ('11dc007c-0d05-4856-bd3b-3a941d114d2e', '11');
INSERT INTO `rule_group_mapping` (`rule_id`, `group_id`) VALUES ('75ccf25d-a85a-40e7-9ec2-1af3b634ef34', '10');
INSERT INTO `rule_group_mapping` (`rule_id`, `group_id`) VALUES ('75ccf25d-a85a-40e7-9ec2-1af3b634ef34', '98');
INSERT INTO `rule_group_mapping` (`rule_id`, `group_id`) VALUES ('75ccf25d-a85a-40e7-9ec2-1af3b634ef34', '11');
INSERT INTO `rule_group_mapping` (`rule_id`, `group_id`) VALUES ('bc4b5ad9-a8cb-46da-bbfe-ca29e182eae4', '10');
INSERT INTO `rule_group_mapping` (`rule_id`, `group_id`) VALUES ('bc4b5ad9-a8cb-46da-bbfe-ca29e182eae4', '98');
INSERT INTO `rule_group_mapping` (`rule_id`, `group_id`) VALUES ('bc4b5ad9-a8cb-46da-bbfe-ca29e182eae4', '11');
INSERT INTO `rule_group_mapping` (`rule_id`, `group_id`) VALUES ('b57b98d0-e6ee-4fab-a542-e43c2048753c', '11');
INSERT INTO `rule_group_mapping` (`rule_id`, `group_id`) VALUES ('b57b98d0-e6ee-4fab-a542-e43c2048753c', '10');
INSERT INTO `rule_group_mapping` (`rule_id`, `group_id`) VALUES ('443c04aa-9133-47b8-96b5-da22ff95ad65', '98');
INSERT INTO `rule_group_mapping` (`rule_id`, `group_id`) VALUES ('443c04aa-9133-47b8-96b5-da22ff95ad65', '12');
INSERT INTO `rule_group_mapping` (`rule_id`, `group_id`) VALUES ('443c04aa-9133-47b8-96b5-da22ff95ad65', '11');
INSERT INTO `rule_group_mapping` (`rule_id`, `group_id`) VALUES ('443c04aa-9133-47b8-96b5-da22ff95ad65', '10');
INSERT INTO `rule_group_mapping` (`rule_id`, `group_id`) VALUES ('925f698a-e821-45f0-b92a-c3b0c95efd1a', '98');
INSERT INTO `rule_group_mapping` (`rule_id`, `group_id`) VALUES ('925f698a-e821-45f0-b92a-c3b0c95efd1a', '12');
INSERT INTO `rule_group_mapping` (`rule_id`, `group_id`) VALUES ('925f698a-e821-45f0-b92a-c3b0c95efd1a', '10');
INSERT INTO `rule_group_mapping` (`rule_id`, `group_id`) VALUES ('925f698a-e821-45f0-b92a-c3b0c95efd1a', '11');
INSERT INTO `rule_group_mapping` (`rule_id`, `group_id`) VALUES ('0c58d1ec-1621-4a90-b0ce-57ea782639f6', '12');
INSERT INTO `rule_group_mapping` (`rule_id`, `group_id`) VALUES ('0c58d1ec-1621-4a90-b0ce-57ea782639f6', '10');
INSERT INTO `rule_group_mapping` (`rule_id`, `group_id`) VALUES ('0c58d1ec-1621-4a90-b0ce-57ea782639f6', '98');
INSERT INTO `rule_group_mapping` (`rule_id`, `group_id`) VALUES ('0c58d1ec-1621-4a90-b0ce-57ea782639f6', '11');
INSERT INTO `rule_group_mapping` (`rule_id`, `group_id`) VALUES ('2196d5ba-31ea-4c17-aed3-5973de343315', '12');
INSERT INTO `rule_group_mapping` (`rule_id`, `group_id`) VALUES ('2196d5ba-31ea-4c17-aed3-5973de343315', '10');
INSERT INTO `rule_group_mapping` (`rule_id`, `group_id`) VALUES ('2196d5ba-31ea-4c17-aed3-5973de343315', '98');
INSERT INTO `rule_group_mapping` (`rule_id`, `group_id`) VALUES ('2196d5ba-31ea-4c17-aed3-5973de343315', '11');
INSERT INTO `rule_group_mapping` (`rule_id`, `group_id`) VALUES ('50003d5a-29c6-407e-b86a-5bc8efa25bd0', '12');
INSERT INTO `rule_group_mapping` (`rule_id`, `group_id`) VALUES ('50003d5a-29c6-407e-b86a-5bc8efa25bd0', '10');
INSERT INTO `rule_group_mapping` (`rule_id`, `group_id`) VALUES ('50003d5a-29c6-407e-b86a-5bc8efa25bd0', '98');
INSERT INTO `rule_group_mapping` (`rule_id`, `group_id`) VALUES ('50003d5a-29c6-407e-b86a-5bc8efa25bd0', '11');
INSERT INTO `rule_group_mapping` (`rule_id`, `group_id`) VALUES ('14028662-049c-4183-88d6-0aeee8804732', '12');
INSERT INTO `rule_group_mapping` (`rule_id`, `group_id`) VALUES ('14028662-049c-4183-88d6-0aeee8804732', '10');
INSERT INTO `rule_group_mapping` (`rule_id`, `group_id`) VALUES ('14028662-049c-4183-88d6-0aeee8804732', '98');
INSERT INTO `rule_group_mapping` (`rule_id`, `group_id`) VALUES ('14028662-049c-4183-88d6-0aeee8804732', '11');
INSERT INTO `rule_group_mapping` (`rule_id`, `group_id`) VALUES ('383203ff-3728-4c92-9ab4-bc3360909971', '12');
INSERT INTO `rule_group_mapping` (`rule_id`, `group_id`) VALUES ('383203ff-3728-4c92-9ab4-bc3360909971', '10');
INSERT INTO `rule_group_mapping` (`rule_id`, `group_id`) VALUES ('383203ff-3728-4c92-9ab4-bc3360909971', '98');
INSERT INTO `rule_group_mapping` (`rule_id`, `group_id`) VALUES ('383203ff-3728-4c92-9ab4-bc3360909971', '11');
INSERT INTO `rule_group_mapping` (`rule_id`, `group_id`) VALUES ('b404ec02-50fa-4e6b-8261-d605471a4ba4', '12');
INSERT INTO `rule_group_mapping` (`rule_id`, `group_id`) VALUES ('b404ec02-50fa-4e6b-8261-d605471a4ba4', '10');
INSERT INTO `rule_group_mapping` (`rule_id`, `group_id`) VALUES ('b404ec02-50fa-4e6b-8261-d605471a4ba4', '98');
INSERT INTO `rule_group_mapping` (`rule_id`, `group_id`) VALUES ('b404ec02-50fa-4e6b-8261-d605471a4ba4', '11');
INSERT INTO `rule_group_mapping` (`rule_id`, `group_id`) VALUES ('c92f9994-178a-447d-9d9c-5fd9097c87ac', '10');
INSERT INTO `rule_group_mapping` (`rule_id`, `group_id`) VALUES ('c92f9994-178a-447d-9d9c-5fd9097c87ac', '98');
INSERT INTO `rule_group_mapping` (`rule_id`, `group_id`) VALUES ('c92f9994-178a-447d-9d9c-5fd9097c87ac', '11');
INSERT INTO `rule_group_mapping` (`rule_id`, `group_id`) VALUES ('2d498283-e305-4b2f-8bba-c8e5cff2867b', '11');
INSERT INTO `rule_group_mapping` (`rule_id`, `group_id`) VALUES ('2d498283-e305-4b2f-8bba-c8e5cff2867b', '10');
INSERT INTO `rule_group_mapping` (`rule_id`, `group_id`) VALUES ('88c09fc3-dc5e-4635-bd64-4ff6aa7293dd', '11');
INSERT INTO `rule_group_mapping` (`rule_id`, `group_id`) VALUES ('88c09fc3-dc5e-4635-bd64-4ff6aa7293dd', '10');
INSERT INTO `rule_group_mapping` (`rule_id`, `group_id`) VALUES ('d0971565-854e-4d7a-a0cd-a77fde2a03e3', '11');
INSERT INTO `rule_group_mapping` (`rule_id`, `group_id`) VALUES ('d0971565-854e-4d7a-a0cd-a77fde2a03e3', '10');
INSERT INTO `rule_group_mapping` (`rule_id`, `group_id`) VALUES ('c544dadb-de3e-45d3-866c-5d2016010b36', '11');
INSERT INTO `rule_group_mapping` (`rule_id`, `group_id`) VALUES ('c544dadb-de3e-45d3-866c-5d2016010b36', '10');
INSERT INTO `rule_group_mapping` (`rule_id`, `group_id`) VALUES ('a7b535d3-52a8-4050-8615-51e65563fd3d', '11');
INSERT INTO `rule_group_mapping` (`rule_id`, `group_id`) VALUES ('a7b535d3-52a8-4050-8615-51e65563fd3d', '10');
INSERT INTO `rule_group_mapping` (`rule_id`, `group_id`) VALUES ('69ac4eb6-25c6-410d-ba1c-dac498b95f60', '11');
INSERT INTO `rule_group_mapping` (`rule_id`, `group_id`) VALUES ('69ac4eb6-25c6-410d-ba1c-dac498b95f60', '10');
INSERT INTO `rule_group_mapping` (`rule_id`, `group_id`) VALUES ('a0ac031b-1e8e-41e5-8416-fe8a0b449993', '11');
INSERT INTO `rule_group_mapping` (`rule_id`, `group_id`) VALUES ('a0ac031b-1e8e-41e5-8416-fe8a0b449993', '10');
INSERT INTO `rule_group_mapping` (`rule_id`, `group_id`) VALUES ('3084604a-acef-4da8-8c3f-4b3e63229456', '11');
INSERT INTO `rule_group_mapping` (`rule_id`, `group_id`) VALUES ('3084604a-acef-4da8-8c3f-4b3e63229456', '10');
INSERT INTO `rule_group_mapping` (`rule_id`, `group_id`) VALUES ('28619f85-9885-4d2b-897a-d22964b22b88', '11');
INSERT INTO `rule_group_mapping` (`rule_id`, `group_id`) VALUES ('28619f85-9885-4d2b-897a-d22964b22b88', '10');
INSERT INTO `rule_group_mapping` (`rule_id`, `group_id`) VALUES ('e2faa51d-af7c-4453-8cb4-30b58e9de23b', '11');
INSERT INTO `rule_group_mapping` (`rule_id`, `group_id`) VALUES ('e2faa51d-af7c-4453-8cb4-30b58e9de23b', '10');
INSERT INTO `rule_group_mapping` (`rule_id`, `group_id`) VALUES ('fb1a0dc1-99a8-4b34-84f4-1df613c0fa0b', '11');
INSERT INTO `rule_group_mapping` (`rule_id`, `group_id`) VALUES ('fb1a0dc1-99a8-4b34-84f4-1df613c0fa0b', '10');
INSERT INTO `rule_group_mapping` (`rule_id`, `group_id`) VALUES ('7b112945-0f71-4725-9e61-ebc37942817e', '10');
INSERT INTO `rule_group_mapping` (`rule_id`, `group_id`) VALUES ('7b112945-0f71-4725-9e61-ebc37942817e', '11');
INSERT INTO `rule_group_mapping` (`rule_id`, `group_id`) VALUES ('162e07f0-e468-4b4f-a023-36029d4a530e', '10');
INSERT INTO `rule_group_mapping` (`rule_id`, `group_id`) VALUES ('162e07f0-e468-4b4f-a023-36029d4a530e', '11');
INSERT INTO `rule_group_mapping` (`rule_id`, `group_id`) VALUES ('5d4aa27e-bead-4da0-9878-b8694d957518', '12');
INSERT INTO `rule_group_mapping` (`rule_id`, `group_id`) VALUES ('5d4aa27e-bead-4da0-9878-b8694d957518', '10');
INSERT INTO `rule_group_mapping` (`rule_id`, `group_id`) VALUES ('5d4aa27e-bead-4da0-9878-b8694d957518', '98');
INSERT INTO `rule_group_mapping` (`rule_id`, `group_id`) VALUES ('5d4aa27e-bead-4da0-9878-b8694d957518', '11');
INSERT INTO `rule_group_mapping` (`rule_id`, `group_id`) VALUES ('904dcef3-fae3-423b-b5ed-98bb41711b1a', '12');
INSERT INTO `rule_group_mapping` (`rule_id`, `group_id`) VALUES ('904dcef3-fae3-423b-b5ed-98bb41711b1a', '10');
INSERT INTO `rule_group_mapping` (`rule_id`, `group_id`) VALUES ('904dcef3-fae3-423b-b5ed-98bb41711b1a', '98');
INSERT INTO `rule_group_mapping` (`rule_id`, `group_id`) VALUES ('904dcef3-fae3-423b-b5ed-98bb41711b1a', '11');
INSERT INTO `rule_group_mapping` (`rule_id`, `group_id`) VALUES ('3ed456fe-9094-450e-8948-a0505b928760', '10');
INSERT INTO `rule_group_mapping` (`rule_id`, `group_id`) VALUES ('3ed456fe-9094-450e-8948-a0505b928760', '98');
INSERT INTO `rule_group_mapping` (`rule_id`, `group_id`) VALUES ('3ed456fe-9094-450e-8948-a0505b928760', '11');


INSERT INTO `rule_tag_mapping` (`rule_id`, `tag_key`) VALUES ('63991ede-eb65-45ee-8ed4-683ec1233ea0', 'safety');
INSERT INTO `rule_tag_mapping` (`rule_id`, `tag_key`) VALUES ('2ec8bf6d-49e2-4751-9a67-39b17522529f', 'safety');
INSERT INTO `rule_tag_mapping` (`rule_id`, `tag_key`) VALUES ('2eb58a78-2b48-43c1-85cc-a42d6240bec9', 'safety');
INSERT INTO `rule_tag_mapping` (`rule_id`, `tag_key`) VALUES ('a787ffbc-6d7e-4546-b9bb-850eeadd363a', 'safety');
INSERT INTO `rule_tag_mapping` (`rule_id`, `tag_key`) VALUES ('cadef8ae-66d9-4716-9c76-7c7c057b4b0b', 'safety');
INSERT INTO `rule_tag_mapping` (`rule_id`, `tag_key`) VALUES ('f23b5622-4ba8-4db1-8605-e0c8c654a521', 'safety');
INSERT INTO `rule_tag_mapping` (`rule_id`, `tag_key`) VALUES ('366da429-3975-4323-b499-88d24bb75bd4', 'safety');
INSERT INTO `rule_tag_mapping` (`rule_id`, `tag_key`) VALUES ('a31dca86-efce-4e42-ae31-25ae42570d72', 'safety');
INSERT INTO `rule_tag_mapping` (`rule_id`, `tag_key`) VALUES ('4ef097ba-825d-4a60-87a3-d5313960c6db', 'safety');
INSERT INTO `rule_tag_mapping` (`rule_id`, `tag_key`) VALUES ('7c3d1a1f-eaab-4937-9a30-1c53ab2c865a', 'safety');
INSERT INTO `rule_tag_mapping` (`rule_id`, `tag_key`) VALUES ('3304336b-6bce-411a-9c32-a9bb4993ea7f', 'safety');
INSERT INTO `rule_tag_mapping` (`rule_id`, `tag_key`) VALUES ('7782b78c-def7-4265-abb2-43624d31a0d3', 'safety');
INSERT INTO `rule_tag_mapping` (`rule_id`, `tag_key`) VALUES ('3a21ffd1-bce4-40de-a939-27d942dc837f', 'safety');
INSERT INTO `rule_tag_mapping` (`rule_id`, `tag_key`) VALUES ('90b44294-a47f-43bc-901f-8649a9db6e89', 'safety');
INSERT INTO `rule_tag_mapping` (`rule_id`, `tag_key`) VALUES ('73cc9b5d-a891-40b3-bcbb-faf07e4229ed', 'safety');
INSERT INTO `rule_tag_mapping` (`rule_id`, `tag_key`) VALUES ('ce9b31e8-9e81-4321-9e8f-97169432083f', 'safety');
INSERT INTO `rule_tag_mapping` (`rule_id`, `tag_key`) VALUES ('c1f26a59-606e-4bad-a4b2-e595ec95bd0c', 'safety');
INSERT INTO `rule_tag_mapping` (`rule_id`, `tag_key`) VALUES ('0b2dd583-c6dc-4417-8334-9cda0b69d326', 'safety');
INSERT INTO `rule_tag_mapping` (`rule_id`, `tag_key`) VALUES ('0e991cfd-dbd6-4085-b10a-1219a681e775', 'safety');
INSERT INTO `rule_tag_mapping` (`rule_id`, `tag_key`) VALUES ('473a5d13-9987-4d34-8adb-2e869d7bb7ad', 'safety');
INSERT INTO `rule_tag_mapping` (`rule_id`, `tag_key`) VALUES ('8b423c17-6f93-4c0e-a65f-23f1d7958095', 'safety');
INSERT INTO `rule_tag_mapping` (`rule_id`, `tag_key`) VALUES ('a7716e26-eb79-4199-b349-4e7ca2f29ad7', 'safety');
INSERT INTO `rule_tag_mapping` (`rule_id`, `tag_key`) VALUES ('fe89c593-342e-4640-b358-6b661323641f', 'safety');
INSERT INTO `rule_tag_mapping` (`rule_id`, `tag_key`) VALUES ('a1dfd261-0746-4969-be62-4b07755dcc07', 'safety');
INSERT INTO `rule_tag_mapping` (`rule_id`, `tag_key`) VALUES ('231fb1cb-e673-4cdc-8dd9-dc921a9c8848', 'safety');
INSERT INTO `rule_tag_mapping` (`rule_id`, `tag_key`) VALUES ('e3a13f7e-0b1b-4ba7-8a4b-48a78bf45a33', 'safety');
INSERT INTO `rule_tag_mapping` (`rule_id`, `tag_key`) VALUES ('a1210f8c-cceb-4df3-85b6-1a3861ccfc10', 'safety');
INSERT INTO `rule_tag_mapping` (`rule_id`, `tag_key`) VALUES ('b15eb1e3-b942-431d-87a2-65244ce09467', 'safety');
INSERT INTO `rule_tag_mapping` (`rule_id`, `tag_key`) VALUES ('997bd258-d3a6-489e-9b26-cadc8da6994f', 'safety');
INSERT INTO `rule_tag_mapping` (`rule_id`, `tag_key`) VALUES ('cdf79ce4-7f7e-48d2-97df-f426d014a947', 'safety');
INSERT INTO `rule_tag_mapping` (`rule_id`, `tag_key`) VALUES ('46e75d3d-dda0-42c4-9a8f-af7f80b358d4', 'safety');
INSERT INTO `rule_tag_mapping` (`rule_id`, `tag_key`) VALUES ('343c9d85-46a9-40e3-8323-834bb8c739d1', 'safety');
INSERT INTO `rule_tag_mapping` (`rule_id`, `tag_key`) VALUES ('9ad2ea76-c8e6-4278-b6c1-60d78e80ddc7', 'safety');
INSERT INTO `rule_tag_mapping` (`rule_id`, `tag_key`) VALUES ('7c7b9048-b3f3-4fef-a05d-a83a5641fd61', 'safety');
INSERT INTO `rule_tag_mapping` (`rule_id`, `tag_key`) VALUES ('4609edb3-e046-49b4-a400-265e43e68a11', 'safety');
INSERT INTO `rule_tag_mapping` (`rule_id`, `tag_key`) VALUES ('3dd12289-09b4-4ba3-ad2e-842f444cc7e4', 'safety');
INSERT INTO `rule_tag_mapping` (`rule_id`, `tag_key`) VALUES ('14faa3b9-0776-44dd-9a71-1d300106e044', 'safety');
INSERT INTO `rule_tag_mapping` (`rule_id`, `tag_key`) VALUES ('2a3f8d14-094f-47b5-8cb4-d4e7314766ad', 'safety');
INSERT INTO `rule_tag_mapping` (`rule_id`, `tag_key`) VALUES ('12a15ace-add9-40e6-9bd4-74e102fd3298', 'safety');
INSERT INTO `rule_tag_mapping` (`rule_id`, `tag_key`) VALUES ('b9d90595-cce7-48df-a276-7a0bd2d00402', 'safety');
INSERT INTO `rule_tag_mapping` (`rule_id`, `tag_key`) VALUES ('5756a0ca-b7d3-40fd-a579-61465f6908fe', 'safety');
INSERT INTO `rule_tag_mapping` (`rule_id`, `tag_key`) VALUES ('cf35a107-36d1-47d0-93eb-7293792864b7', 'safety');
INSERT INTO `rule_tag_mapping` (`rule_id`, `tag_key`) VALUES ('d66f6e10-a73a-4b3c-9b16-cb96ce6c2f67', 'safety');
INSERT INTO `rule_tag_mapping` (`rule_id`, `tag_key`) VALUES ('18a98faf-cdba-44e2-8cf2-1fdd91dab1b0', 'safety');
INSERT INTO `rule_tag_mapping` (`rule_id`, `tag_key`) VALUES ('b409cc30-5ce4-4a71-98d4-053bdc9c0d3f', 'safety');
INSERT INTO `rule_tag_mapping` (`rule_id`, `tag_key`) VALUES ('e1d10566-0d78-4360-b9aa-1fc2cf95bc88', 'safety');
INSERT INTO `rule_tag_mapping` (`rule_id`, `tag_key`) VALUES ('4e1d277a-e103-4314-ba80-f95b4402a4b1', 'safety');
INSERT INTO `rule_tag_mapping` (`rule_id`, `tag_key`) VALUES ('c836a059-26a2-44fe-9626-3b4468e244e5', 'safety');
INSERT INTO `rule_tag_mapping` (`rule_id`, `tag_key`) VALUES ('2f9c1e21-9005-4b64-9e6e-2645dc8ce2d4', 'safety');
INSERT INTO `rule_tag_mapping` (`rule_id`, `tag_key`) VALUES ('fe6b8f9b-5011-4253-b28e-532730b1d6d0', 'safety');
INSERT INTO `rule_tag_mapping` (`rule_id`, `tag_key`) VALUES ('165dadc5-1904-4585-b13b-638beb542c3f', 'safety');
INSERT INTO `rule_tag_mapping` (`rule_id`, `tag_key`) VALUES ('fa61fc2a-5a7d-4915-8302-c5d435b3a69e', 'safety');
INSERT INTO `rule_tag_mapping` (`rule_id`, `tag_key`) VALUES ('30a125e3-3e3b-4800-bc59-caca5113e9df', 'safety');
INSERT INTO `rule_tag_mapping` (`rule_id`, `tag_key`) VALUES ('3a149e43-6c79-4632-b7bc-e4f0c693e7a8', 'safety');
INSERT INTO `rule_tag_mapping` (`rule_id`, `tag_key`) VALUES ('491c7d82-c4c7-4fc6-9c88-5599828a6df4', 'safety');
INSERT INTO `rule_tag_mapping` (`rule_id`, `tag_key`) VALUES ('39a89ee8-8c86-4a48-9fe1-8cceaed13a9a', 'safety');
INSERT INTO `rule_tag_mapping` (`rule_id`, `tag_key`) VALUES ('682fb9fe-9761-44ef-b333-9fcbeeeb4c82', 'safety');
INSERT INTO `rule_tag_mapping` (`rule_id`, `tag_key`) VALUES ('a7faed4a-73ed-4ece-96f7-2ea9148da54d', 'safety');
INSERT INTO `rule_tag_mapping` (`rule_id`, `tag_key`) VALUES ('ff29908d-8fa9-4912-904a-84acd5f91315', 'safety');
INSERT INTO `rule_tag_mapping` (`rule_id`, `tag_key`) VALUES ('bee3b406-b56e-4fc9-ad32-76399005140d', 'safety');
INSERT INTO `rule_tag_mapping` (`rule_id`, `tag_key`) VALUES ('3f4e02e8-5a96-48be-be7a-a21c42a5dc86', 'safety');
INSERT INTO `rule_tag_mapping` (`rule_id`, `tag_key`) VALUES ('38f01101-b3a5-4f7b-b7c5-268960373a18', 'safety');
INSERT INTO `rule_tag_mapping` (`rule_id`, `tag_key`) VALUES ('57d129d8-6863-47c7-b2d3-fc195a109365', 'safety');
INSERT INTO `rule_tag_mapping` (`rule_id`, `tag_key`) VALUES ('11dc007c-0d05-4856-bd3b-3a941d114d2e', 'safety');
INSERT INTO `rule_tag_mapping` (`rule_id`, `tag_key`) VALUES ('75ccf25d-a85a-40e7-9ec2-1af3b634ef34', 'safety');
INSERT INTO `rule_tag_mapping` (`rule_id`, `tag_key`) VALUES ('bc4b5ad9-a8cb-46da-bbfe-ca29e182eae4', 'safety');
INSERT INTO `rule_tag_mapping` (`rule_id`, `tag_key`) VALUES ('b57b98d0-e6ee-4fab-a542-e43c2048753c', 'cost');
INSERT INTO `rule_tag_mapping` (`rule_id`, `tag_key`) VALUES ('443c04aa-9133-47b8-96b5-da22ff95ad65', 'safety');
INSERT INTO `rule_tag_mapping` (`rule_id`, `tag_key`) VALUES ('925f698a-e821-45f0-b92a-c3b0c95efd1a', 'safety');
INSERT INTO `rule_tag_mapping` (`rule_id`, `tag_key`) VALUES ('0c58d1ec-1621-4a90-b0ce-57ea782639f6', 'safety');
INSERT INTO `rule_tag_mapping` (`rule_id`, `tag_key`) VALUES ('2196d5ba-31ea-4c17-aed3-5973de343315', 'safety');
INSERT INTO `rule_tag_mapping` (`rule_id`, `tag_key`) VALUES ('50003d5a-29c6-407e-b86a-5bc8efa25bd0', 'safety');
INSERT INTO `rule_tag_mapping` (`rule_id`, `tag_key`) VALUES ('14028662-049c-4183-88d6-0aeee8804732', 'safety');
INSERT INTO `rule_tag_mapping` (`rule_id`, `tag_key`) VALUES ('383203ff-3728-4c92-9ab4-bc3360909971', 'safety');
INSERT INTO `rule_tag_mapping` (`rule_id`, `tag_key`) VALUES ('b404ec02-50fa-4e6b-8261-d605471a4ba4', 'safety');
INSERT INTO `rule_tag_mapping` (`rule_id`, `tag_key`) VALUES ('c92f9994-178a-447d-9d9c-5fd9097c87ac', 'safety');
INSERT INTO `rule_tag_mapping` (`rule_id`, `tag_key`) VALUES ('2d498283-e305-4b2f-8bba-c8e5cff2867b', 'safety');
INSERT INTO `rule_tag_mapping` (`rule_id`, `tag_key`) VALUES ('88c09fc3-dc5e-4635-bd64-4ff6aa7293dd', 'cost');
INSERT INTO `rule_tag_mapping` (`rule_id`, `tag_key`) VALUES ('d0971565-854e-4d7a-a0cd-a77fde2a03e3', 'cost');
INSERT INTO `rule_tag_mapping` (`rule_id`, `tag_key`) VALUES ('c544dadb-de3e-45d3-866c-5d2016010b36', 'safety');
INSERT INTO `rule_tag_mapping` (`rule_id`, `tag_key`) VALUES ('a7b535d3-52a8-4050-8615-51e65563fd3d', 'safety');
INSERT INTO `rule_tag_mapping` (`rule_id`, `tag_key`) VALUES ('69ac4eb6-25c6-410d-ba1c-dac498b95f60', 'safety');
INSERT INTO `rule_tag_mapping` (`rule_id`, `tag_key`) VALUES ('a0ac031b-1e8e-41e5-8416-fe8a0b449993', 'safety');
INSERT INTO `rule_tag_mapping` (`rule_id`, `tag_key`) VALUES ('3084604a-acef-4da8-8c3f-4b3e63229456', 'safety');
INSERT INTO `rule_tag_mapping` (`rule_id`, `tag_key`) VALUES ('28619f85-9885-4d2b-897a-d22964b22b88', 'safety');
INSERT INTO `rule_tag_mapping` (`rule_id`, `tag_key`) VALUES ('e2faa51d-af7c-4453-8cb4-30b58e9de23b', 'safety');
INSERT INTO `rule_tag_mapping` (`rule_id`, `tag_key`) VALUES ('fb1a0dc1-99a8-4b34-84f4-1df613c0fa0b', 'safety');
INSERT INTO `rule_tag_mapping` (`rule_id`, `tag_key`) VALUES ('7b112945-0f71-4725-9e61-ebc37942817e', 'safety');
INSERT INTO `rule_tag_mapping` (`rule_id`, `tag_key`) VALUES ('162e07f0-e468-4b4f-a023-36029d4a530e', 'safety');
INSERT INTO `rule_tag_mapping` (`rule_id`, `tag_key`) VALUES ('5d4aa27e-bead-4da0-9878-b8694d957518', 'safety');
INSERT INTO `rule_tag_mapping` (`rule_id`, `tag_key`) VALUES ('904dcef3-fae3-423b-b5ed-98bb41711b1a', 'safety');
INSERT INTO `rule_tag_mapping` (`rule_id`, `tag_key`) VALUES ('3ed456fe-9094-450e-8948-a0505b928760', 'safety');


INSERT INTO `rule_inspection_report_mapping` (`rule_id`, `report_id`) VALUES ('63991ede-eb65-45ee-8ed4-683ec1233ea0', '16');
INSERT INTO `rule_inspection_report_mapping` (`rule_id`, `report_id`) VALUES ('63991ede-eb65-45ee-8ed4-683ec1233ea0', '13');
INSERT INTO `rule_inspection_report_mapping` (`rule_id`, `report_id`) VALUES ('2ec8bf6d-49e2-4751-9a67-39b17522529f', '16');
INSERT INTO `rule_inspection_report_mapping` (`rule_id`, `report_id`) VALUES ('2ec8bf6d-49e2-4751-9a67-39b17522529f', '13');
INSERT INTO `rule_inspection_report_mapping` (`rule_id`, `report_id`) VALUES ('2eb58a78-2b48-43c1-85cc-a42d6240bec9', '16');
INSERT INTO `rule_inspection_report_mapping` (`rule_id`, `report_id`) VALUES ('2eb58a78-2b48-43c1-85cc-a42d6240bec9', '13');
INSERT INTO `rule_inspection_report_mapping` (`rule_id`, `report_id`) VALUES ('a787ffbc-6d7e-4546-b9bb-850eeadd363a', '16');
INSERT INTO `rule_inspection_report_mapping` (`rule_id`, `report_id`) VALUES ('a787ffbc-6d7e-4546-b9bb-850eeadd363a', '13');
INSERT INTO `rule_inspection_report_mapping` (`rule_id`, `report_id`) VALUES ('cadef8ae-66d9-4716-9c76-7c7c057b4b0b', '16');
INSERT INTO `rule_inspection_report_mapping` (`rule_id`, `report_id`) VALUES ('cadef8ae-66d9-4716-9c76-7c7c057b4b0b', '13');
INSERT INTO `rule_inspection_report_mapping` (`rule_id`, `report_id`) VALUES ('f23b5622-4ba8-4db1-8605-e0c8c654a521', '16');
INSERT INTO `rule_inspection_report_mapping` (`rule_id`, `report_id`) VALUES ('f23b5622-4ba8-4db1-8605-e0c8c654a521', '13');
INSERT INTO `rule_inspection_report_mapping` (`rule_id`, `report_id`) VALUES ('366da429-3975-4323-b499-88d24bb75bd4', '16');
INSERT INTO `rule_inspection_report_mapping` (`rule_id`, `report_id`) VALUES ('366da429-3975-4323-b499-88d24bb75bd4', '13');
INSERT INTO `rule_inspection_report_mapping` (`rule_id`, `report_id`) VALUES ('a31dca86-efce-4e42-ae31-25ae42570d72', '16');
INSERT INTO `rule_inspection_report_mapping` (`rule_id`, `report_id`) VALUES ('a31dca86-efce-4e42-ae31-25ae42570d72', '13');
INSERT INTO `rule_inspection_report_mapping` (`rule_id`, `report_id`) VALUES ('4ef097ba-825d-4a60-87a3-d5313960c6db', '16');
INSERT INTO `rule_inspection_report_mapping` (`rule_id`, `report_id`) VALUES ('4ef097ba-825d-4a60-87a3-d5313960c6db', '13');
INSERT INTO `rule_inspection_report_mapping` (`rule_id`, `report_id`) VALUES ('7c3d1a1f-eaab-4937-9a30-1c53ab2c865a', '16');
INSERT INTO `rule_inspection_report_mapping` (`rule_id`, `report_id`) VALUES ('7c3d1a1f-eaab-4937-9a30-1c53ab2c865a', '13');
INSERT INTO `rule_inspection_report_mapping` (`rule_id`, `report_id`) VALUES ('3304336b-6bce-411a-9c32-a9bb4993ea7f', '16');
INSERT INTO `rule_inspection_report_mapping` (`rule_id`, `report_id`) VALUES ('3304336b-6bce-411a-9c32-a9bb4993ea7f', '13');
INSERT INTO `rule_inspection_report_mapping` (`rule_id`, `report_id`) VALUES ('7782b78c-def7-4265-abb2-43624d31a0d3', '16');
INSERT INTO `rule_inspection_report_mapping` (`rule_id`, `report_id`) VALUES ('7782b78c-def7-4265-abb2-43624d31a0d3', '13');
INSERT INTO `rule_inspection_report_mapping` (`rule_id`, `report_id`) VALUES ('3a21ffd1-bce4-40de-a939-27d942dc837f', '16');
INSERT INTO `rule_inspection_report_mapping` (`rule_id`, `report_id`) VALUES ('3a21ffd1-bce4-40de-a939-27d942dc837f', '13');
INSERT INTO `rule_inspection_report_mapping` (`rule_id`, `report_id`) VALUES ('90b44294-a47f-43bc-901f-8649a9db6e89', '16');
INSERT INTO `rule_inspection_report_mapping` (`rule_id`, `report_id`) VALUES ('90b44294-a47f-43bc-901f-8649a9db6e89', '13');
INSERT INTO `rule_inspection_report_mapping` (`rule_id`, `report_id`) VALUES ('73cc9b5d-a891-40b3-bcbb-faf07e4229ed', '16');
INSERT INTO `rule_inspection_report_mapping` (`rule_id`, `report_id`) VALUES ('73cc9b5d-a891-40b3-bcbb-faf07e4229ed', '13');
INSERT INTO `rule_inspection_report_mapping` (`rule_id`, `report_id`) VALUES ('ce9b31e8-9e81-4321-9e8f-97169432083f', '16');
INSERT INTO `rule_inspection_report_mapping` (`rule_id`, `report_id`) VALUES ('ce9b31e8-9e81-4321-9e8f-97169432083f', '13');
INSERT INTO `rule_inspection_report_mapping` (`rule_id`, `report_id`) VALUES ('c1f26a59-606e-4bad-a4b2-e595ec95bd0c', '16');
INSERT INTO `rule_inspection_report_mapping` (`rule_id`, `report_id`) VALUES ('c1f26a59-606e-4bad-a4b2-e595ec95bd0c', '13');
INSERT INTO `rule_inspection_report_mapping` (`rule_id`, `report_id`) VALUES ('0b2dd583-c6dc-4417-8334-9cda0b69d326', '16');
INSERT INTO `rule_inspection_report_mapping` (`rule_id`, `report_id`) VALUES ('0b2dd583-c6dc-4417-8334-9cda0b69d326', '13');
INSERT INTO `rule_inspection_report_mapping` (`rule_id`, `report_id`) VALUES ('0e991cfd-dbd6-4085-b10a-1219a681e775', '16');
INSERT INTO `rule_inspection_report_mapping` (`rule_id`, `report_id`) VALUES ('0e991cfd-dbd6-4085-b10a-1219a681e775', '13');
INSERT INTO `rule_inspection_report_mapping` (`rule_id`, `report_id`) VALUES ('473a5d13-9987-4d34-8adb-2e869d7bb7ad', '16');
INSERT INTO `rule_inspection_report_mapping` (`rule_id`, `report_id`) VALUES ('473a5d13-9987-4d34-8adb-2e869d7bb7ad', '13');
INSERT INTO `rule_inspection_report_mapping` (`rule_id`, `report_id`) VALUES ('8b423c17-6f93-4c0e-a65f-23f1d7958095', '13');
INSERT INTO `rule_inspection_report_mapping` (`rule_id`, `report_id`) VALUES ('a7716e26-eb79-4199-b349-4e7ca2f29ad7', '13');
INSERT INTO `rule_inspection_report_mapping` (`rule_id`, `report_id`) VALUES ('fe89c593-342e-4640-b358-6b661323641f', '13');
INSERT INTO `rule_inspection_report_mapping` (`rule_id`, `report_id`) VALUES ('a1dfd261-0746-4969-be62-4b07755dcc07', '13');
INSERT INTO `rule_inspection_report_mapping` (`rule_id`, `report_id`) VALUES ('231fb1cb-e673-4cdc-8dd9-dc921a9c8848', '13');
INSERT INTO `rule_inspection_report_mapping` (`rule_id`, `report_id`) VALUES ('e3a13f7e-0b1b-4ba7-8a4b-48a78bf45a33', '13');
INSERT INTO `rule_inspection_report_mapping` (`rule_id`, `report_id`) VALUES ('a1210f8c-cceb-4df3-85b6-1a3861ccfc10', '13');
INSERT INTO `rule_inspection_report_mapping` (`rule_id`, `report_id`) VALUES ('b15eb1e3-b942-431d-87a2-65244ce09467', '13');
INSERT INTO `rule_inspection_report_mapping` (`rule_id`, `report_id`) VALUES ('997bd258-d3a6-489e-9b26-cadc8da6994f', '13');
INSERT INTO `rule_inspection_report_mapping` (`rule_id`, `report_id`) VALUES ('cdf79ce4-7f7e-48d2-97df-f426d014a947', '13');
INSERT INTO `rule_inspection_report_mapping` (`rule_id`, `report_id`) VALUES ('46e75d3d-dda0-42c4-9a8f-af7f80b358d4', '13');
INSERT INTO `rule_inspection_report_mapping` (`rule_id`, `report_id`) VALUES ('343c9d85-46a9-40e3-8323-834bb8c739d1', '13');
INSERT INTO `rule_inspection_report_mapping` (`rule_id`, `report_id`) VALUES ('9ad2ea76-c8e6-4278-b6c1-60d78e80ddc7', '13');
INSERT INTO `rule_inspection_report_mapping` (`rule_id`, `report_id`) VALUES ('7c7b9048-b3f3-4fef-a05d-a83a5641fd61', '13');
INSERT INTO `rule_inspection_report_mapping` (`rule_id`, `report_id`) VALUES ('4609edb3-e046-49b4-a400-265e43e68a11', '13');
INSERT INTO `rule_inspection_report_mapping` (`rule_id`, `report_id`) VALUES ('3dd12289-09b4-4ba3-ad2e-842f444cc7e4', '13');
INSERT INTO `rule_inspection_report_mapping` (`rule_id`, `report_id`) VALUES ('14faa3b9-0776-44dd-9a71-1d300106e044', '13');
INSERT INTO `rule_inspection_report_mapping` (`rule_id`, `report_id`) VALUES ('2a3f8d14-094f-47b5-8cb4-d4e7314766ad', '94');
INSERT INTO `rule_inspection_report_mapping` (`rule_id`, `report_id`) VALUES ('12a15ace-add9-40e6-9bd4-74e102fd3298', '94');
INSERT INTO `rule_inspection_report_mapping` (`rule_id`, `report_id`) VALUES ('b9d90595-cce7-48df-a276-7a0bd2d00402', '94');
INSERT INTO `rule_inspection_report_mapping` (`rule_id`, `report_id`) VALUES ('5756a0ca-b7d3-40fd-a579-61465f6908fe', '94');
INSERT INTO `rule_inspection_report_mapping` (`rule_id`, `report_id`) VALUES ('cf35a107-36d1-47d0-93eb-7293792864b7', '94');
INSERT INTO `rule_inspection_report_mapping` (`rule_id`, `report_id`) VALUES ('d66f6e10-a73a-4b3c-9b16-cb96ce6c2f67', '94');
INSERT INTO `rule_inspection_report_mapping` (`rule_id`, `report_id`) VALUES ('18a98faf-cdba-44e2-8cf2-1fdd91dab1b0', '94');
INSERT INTO `rule_inspection_report_mapping` (`rule_id`, `report_id`) VALUES ('b409cc30-5ce4-4a71-98d4-053bdc9c0d3f', '94');
INSERT INTO `rule_inspection_report_mapping` (`rule_id`, `report_id`) VALUES ('e1d10566-0d78-4360-b9aa-1fc2cf95bc88', '94');
INSERT INTO `rule_inspection_report_mapping` (`rule_id`, `report_id`) VALUES ('4e1d277a-e103-4314-ba80-f95b4402a4b1', '94');
INSERT INTO `rule_inspection_report_mapping` (`rule_id`, `report_id`) VALUES ('c836a059-26a2-44fe-9626-3b4468e244e5', '94');
INSERT INTO `rule_inspection_report_mapping` (`rule_id`, `report_id`) VALUES ('2f9c1e21-9005-4b64-9e6e-2645dc8ce2d4', '94');
INSERT INTO `rule_inspection_report_mapping` (`rule_id`, `report_id`) VALUES ('fe6b8f9b-5011-4253-b28e-532730b1d6d0', '94');
INSERT INTO `rule_inspection_report_mapping` (`rule_id`, `report_id`) VALUES ('165dadc5-1904-4585-b13b-638beb542c3f', '94');
INSERT INTO `rule_inspection_report_mapping` (`rule_id`, `report_id`) VALUES ('fa61fc2a-5a7d-4915-8302-c5d435b3a69e', '94');
INSERT INTO `rule_inspection_report_mapping` (`rule_id`, `report_id`) VALUES ('30a125e3-3e3b-4800-bc59-caca5113e9df', '94');
INSERT INTO `rule_inspection_report_mapping` (`rule_id`, `report_id`) VALUES ('3a149e43-6c79-4632-b7bc-e4f0c693e7a8', '94');
INSERT INTO `rule_inspection_report_mapping` (`rule_id`, `report_id`) VALUES ('491c7d82-c4c7-4fc6-9c88-5599828a6df4', '94');
INSERT INTO `rule_inspection_report_mapping` (`rule_id`, `report_id`) VALUES ('39a89ee8-8c86-4a48-9fe1-8cceaed13a9a', '94');
INSERT INTO `rule_inspection_report_mapping` (`rule_id`, `report_id`) VALUES ('682fb9fe-9761-44ef-b333-9fcbeeeb4c82', '94');
INSERT INTO `rule_inspection_report_mapping` (`rule_id`, `report_id`) VALUES ('a7faed4a-73ed-4ece-96f7-2ea9148da54d', '94');
INSERT INTO `rule_inspection_report_mapping` (`rule_id`, `report_id`) VALUES ('ff29908d-8fa9-4912-904a-84acd5f91315', '94');
INSERT INTO `rule_inspection_report_mapping` (`rule_id`, `report_id`) VALUES ('bee3b406-b56e-4fc9-ad32-76399005140d', '94');
INSERT INTO `rule_inspection_report_mapping` (`rule_id`, `report_id`) VALUES ('3f4e02e8-5a96-48be-be7a-a21c42a5dc86', '94');
INSERT INTO `rule_inspection_report_mapping` (`rule_id`, `report_id`) VALUES ('38f01101-b3a5-4f7b-b7c5-268960373a18', '94');
INSERT INTO `rule_inspection_report_mapping` (`rule_id`, `report_id`) VALUES ('57d129d8-6863-47c7-b2d3-fc195a109365', '94');
INSERT INTO `rule_inspection_report_mapping` (`rule_id`, `report_id`) VALUES ('11dc007c-0d05-4856-bd3b-3a941d114d2e', '94');
INSERT INTO `rule_inspection_report_mapping` (`rule_id`, `report_id`) VALUES ('75ccf25d-a85a-40e7-9ec2-1af3b634ef34', '94');
INSERT INTO `rule_inspection_report_mapping` (`rule_id`, `report_id`) VALUES ('bc4b5ad9-a8cb-46da-bbfe-ca29e182eae4', '94');
INSERT INTO `rule_inspection_report_mapping` (`rule_id`, `report_id`) VALUES ('b57b98d0-e6ee-4fab-a542-e43c2048753c', '35');
INSERT INTO `rule_inspection_report_mapping` (`rule_id`, `report_id`) VALUES ('443c04aa-9133-47b8-96b5-da22ff95ad65', '4');
INSERT INTO `rule_inspection_report_mapping` (`rule_id`, `report_id`) VALUES ('925f698a-e821-45f0-b92a-c3b0c95efd1a', '26');
INSERT INTO `rule_inspection_report_mapping` (`rule_id`, `report_id`) VALUES ('0c58d1ec-1621-4a90-b0ce-57ea782639f6', '25');
INSERT INTO `rule_inspection_report_mapping` (`rule_id`, `report_id`) VALUES ('2196d5ba-31ea-4c17-aed3-5973de343315', '26');
INSERT INTO `rule_inspection_report_mapping` (`rule_id`, `report_id`) VALUES ('50003d5a-29c6-407e-b86a-5bc8efa25bd0', '11');
INSERT INTO `rule_inspection_report_mapping` (`rule_id`, `report_id`) VALUES ('14028662-049c-4183-88d6-0aeee8804732', '9');
INSERT INTO `rule_inspection_report_mapping` (`rule_id`, `report_id`) VALUES ('383203ff-3728-4c92-9ab4-bc3360909971', '58');
INSERT INTO `rule_inspection_report_mapping` (`rule_id`, `report_id`) VALUES ('b404ec02-50fa-4e6b-8261-d605471a4ba4', '104');
INSERT INTO `rule_inspection_report_mapping` (`rule_id`, `report_id`) VALUES ('c92f9994-178a-447d-9d9c-5fd9097c87ac', '94');
INSERT INTO `rule_inspection_report_mapping` (`rule_id`, `report_id`) VALUES ('2d498283-e305-4b2f-8bba-c8e5cff2867b', '76');
INSERT INTO `rule_inspection_report_mapping` (`rule_id`, `report_id`) VALUES ('88c09fc3-dc5e-4635-bd64-4ff6aa7293dd', '35');
INSERT INTO `rule_inspection_report_mapping` (`rule_id`, `report_id`) VALUES ('d0971565-854e-4d7a-a0cd-a77fde2a03e3', '45');
INSERT INTO `rule_inspection_report_mapping` (`rule_id`, `report_id`) VALUES ('c544dadb-de3e-45d3-866c-5d2016010b36', '96');
INSERT INTO `rule_inspection_report_mapping` (`rule_id`, `report_id`) VALUES ('a7b535d3-52a8-4050-8615-51e65563fd3d', '94');
INSERT INTO `rule_inspection_report_mapping` (`rule_id`, `report_id`) VALUES ('69ac4eb6-25c6-410d-ba1c-dac498b95f60', '97');
INSERT INTO `rule_inspection_report_mapping` (`rule_id`, `report_id`) VALUES ('a0ac031b-1e8e-41e5-8416-fe8a0b449993', '58');
INSERT INTO `rule_inspection_report_mapping` (`rule_id`, `report_id`) VALUES ('3084604a-acef-4da8-8c3f-4b3e63229456', '22');
INSERT INTO `rule_inspection_report_mapping` (`rule_id`, `report_id`) VALUES ('28619f85-9885-4d2b-897a-d22964b22b88', '118');
INSERT INTO `rule_inspection_report_mapping` (`rule_id`, `report_id`) VALUES ('e2faa51d-af7c-4453-8cb4-30b58e9de23b', '66');
INSERT INTO `rule_inspection_report_mapping` (`rule_id`, `report_id`) VALUES ('fb1a0dc1-99a8-4b34-84f4-1df613c0fa0b', '26');
INSERT INTO `rule_inspection_report_mapping` (`rule_id`, `report_id`) VALUES ('7b112945-0f71-4725-9e61-ebc37942817e', '35');
INSERT INTO `rule_inspection_report_mapping` (`rule_id`, `report_id`) VALUES ('162e07f0-e468-4b4f-a023-36029d4a530e', '56');
INSERT INTO `rule_inspection_report_mapping` (`rule_id`, `report_id`) VALUES ('5d4aa27e-bead-4da0-9878-b8694d957518', '7');
INSERT INTO `rule_inspection_report_mapping` (`rule_id`, `report_id`) VALUES ('904dcef3-fae3-423b-b5ed-98bb41711b1a', '94');
